psc;zkrnaz_posty;cis_schranky;adresa;sour_x;sour_y;misto_popis;cast_obce;obec;okres;cas;omezeni
26107;Depo Pøíbram 70;3;Nádraní 16, Pøíbram IV, 26101, Pøíbram;1082688.24;778669.19;nádraí ÈD, è.p.16, Pøíbram;;;;13:00;1-5 - pracovní dny (pondìlí a pátek)
26107;Depo Pøíbram 70;5;Milínská 167, Pøíbram III, 26101, Pøíbram;1083035.49;778298.46;Milínská ul. - zast.MHD è.p.167, Pøíbram;;;;13:00;1-5 - pracovní dny (pondìlí a pátek)
26107;Depo Pøíbram 70;6;námìstí T. G. Masaryka 124, Pøíbram I, 26101, Pøíbram;1082886.27;778237.09;Nám.T.G.M.- Komerèní banka è.p. 124, Pøíbram;;;;13:00;1-5 - pracovní dny (pondìlí a pátek)
26107;Depo Pøíbram 70;7;Støelecká 99, Pøíbram II, 26101, Pøíbram;1082774.08;777841.8;Støelecká è.p.99, Pøíbram;;;;13:00;1-5 - pracovní dny (pondìlí a pátek)
26107;Depo Pøíbram 70;8;ikova 436, Pøíbram II, 26101, Pøíbram;1082810.64;777320.88;Sportovní nám. - horní èást è.p. 436,  Pøíbram;;;;13:00;1-5 - pracovní dny (pondìlí a pátek)
26107;Depo Pøíbram 70;11;Drustevní 274, Pøíbram V-Zdaboø, 26101, Pøíbram;1084178.75;780161.44;Pøíbram V - Drustevní è.p.274, Pøíbram;;;;13:00;1-5 - pracovní dny (pondìlí a pátek)
26107;Depo Pøíbram 70;13;Strakonická 342, Pøíbram V-Zdaboø, 26101, Pøíbram;1084984.24;780364.77;Zdaboø - Strakonická è.p. 342, Pøíbram;;;;13:00;1-5 - pracovní dny (pondìlí a pátek)
26107;Depo Pøíbram 70;14;Brodská 100, Pøíbram VIII, 26101, Pøíbram;1084921.3;779434.44;Pøíbram VIII - Brodská  è.p.100, Pøíbram;;;;13:00;1-5 - pracovní dny (pondìlí a pátek)
26107;Depo Pøíbram 70;15;Brodská 84, Pøíbram VIII, 26101, Pøíbram;1084640.26;779729.41;Pøíbram VIII - Školní ul.-zastávka MHD è.p.84;;;;13:00;1-5 - pracovní dny (pondìlí a pátek)
26107;Depo Pøíbram 70;17;Husova 48, Pøíbram VI-Bøezové Hory, 26101, Pøíbram;1083239.86;779845.85;Bøezové Hory - nám.è.p.48, Pøíbram;;;;13:00;1-5 - pracovní dny (pondìlí a pátek)
26107;Depo Pøíbram 70;18;Petra Bezruèe 247, Pøíbram IV, 26101, Pøíbram;1083055.75;778933.06;Petra Bezruèe - è.p.247, Pøíbram;;;;13:00;1-5 - pracovní dny (pondìlí a pátek)
26107;Depo Pøíbram 70;19;Legionáøù 401, Pøíbram VII, 26101, Pøíbram;1083469.13;778987.25;Pøíbram VII - Hotel Belvedere è.p.401, Pøíbram;;;;13:00;1-5 - pracovní dny (pondìlí a pátek)
26107;Depo Pøíbram 70;21;Svatá Hora 591, Pøíbram II, 26101, Pøíbram;1083250.07;777736.42;Svatá Hora è.p.591, Pøíbram;;;;13:00;1-5 - pracovní dny (pondìlí a pátek)
26107;Depo Pøíbram 70;22;Husova 622, Pøíbram VI-Bøezové Hory, 26101, Pøíbram;1082330;779018;Obch.dùm Kaufland Pøíbram;;;;13:00;1-5 - pracovní dny (pondìlí a pátek)
26107;Depo Pøíbram 70;24;ikova 1030, 26301, Dobøíš;1073874.97;765523.52;ul.Mládee 1030 Dobøíš;;;;9:00;1-5 - pracovní dny (pondìlí a pátek)
26107;Depo Pøíbram 70;25;Hálkova 736, 26301, Dobøíš;1073488.99;765514.4;U Slovanky 736 Dobøíš;;;;9:30;1-5 - pracovní dny (pondìlí a pátek)
26107;Depo Pøíbram 70;26;Plk. B. Petrovièe 441, 26301, Dobøíš;1073703.84;765410.63;Nerudova 441 Dobøíš;;;;9:00;1-5 - pracovní dny (pondìlí a pátek)
26107;Depo Pøíbram 70;27;Part. Svobody 134, 26301, Dobøíš;1073839.33;765241.07;Partyzána Svobody 134 Dobøíš;;;;10:00;1-5 - pracovní dny (pondìlí a pátek)
26107;Depo Pøíbram 70;28;K Vodárnì 1507, 26301, Dobøíš;1073275.33;764870.42;Vìtrník sídlištì 1507 Dobøíš;;;;10:00;1-5 - pracovní dny (pondìlí a pátek)
26107;Depo Pøíbram 70;29;Na Ligruse 1407, 26301, Dobøíš;1073810.91;764707.02;sídlištì Ligrus 1407 Dobøíš;;;;9:00;1-5 - pracovní dny (pondìlí a pátek)
26107;Depo Pøíbram 70;31;è.p. 29, 26301, Voznice;1070760;761504;Voznice - hotel è.p.29;;;;9:00;1-5 - pracovní dny (pondìlí a pátek)
26107;Depo Pøíbram 70;32;è.p. 71, 26301, Voznice;1070707;761828.06;Voznice 71 - obchod;;;;10:00;1-5 - pracovní dny (pondìlí a pátek)
26107;Depo Pøíbram 70;33;è.p. 25, 26301, Daleké Dušníky;1080364.82;765113.85;Daleké Dušníky 81;;;;10:30;1-5 - pracovní dny (pondìlí a pátek)
26107;Depo Pøíbram 70;34;Skalice 28, 26301, Neèín;1081486.63;765162.31;Skalice èp.28;;;;10:30;1-5 - pracovní dny (pondìlí a pátek)
26107;Depo Pøíbram 70;35;Libice 17, 26301, Rybníky;1079402.38;763487.81;Libice èp.17;;;;10:30;1-5 - pracovní dny (pondìlí a pátek)
26107;Depo Pøíbram 70;36;è.p. 182, 26301, Rosovice;1076160.25;770964.06;Holšiny è.p. 182;;;;8:30;1-5 - pracovní dny (pondìlí a pátek)
26107;Depo Pøíbram 70;37;è.p. 89, 26301, Dlouhá Lhota;1080384.75;769818.31;Dlouhá Lhota - prodejna è.p.89;;;;10:00;1-5 - pracovní dny (pondìlí a pátek)
26107;Depo Pøíbram 70;38;è.p. 87, 26301, Dlouhá Lhota;1080324.63;770016.81;Dlouhá Lhota - zast.ÈSAD è.p. 87;;;;10:00;1-5 - pracovní dny (pondìlí a pátek)
26107;Depo Pøíbram 70;39;è.p. 41, 25706, Ostrov;1093699.36;718137.81;Ostrov èp.41;;;;10:00;1-5 - pracovní dny (pondìlí a pátek)
26107;Depo Pøíbram 70;40;è.p. 55, 26301, Oubìnice;1081133.37;767026.5;Oubìnice - prodejna è.p.55;;;;10:00;1-5 - pracovní dny (pondìlí a pátek)
26107;Depo Pøíbram 70;41;Druhlice 54, 26301, Daleké Dušníky;1080142.48;766291.48;Druhlice - prodejna è.p.54;;;;10:00;1-5 - pracovní dny (pondìlí a pátek)
26107;Depo Pøíbram 70;42;è.p. 41, 26301, Svaté Pole;1077615.5;765827;Svaté Pole - prodejna è.p.41;;;;9:00;1-5 - pracovní dny (pondìlí a pátek)
26107;Depo Pøíbram 70;43;Lhotka 24, 26301, Oboøištì;1076831.38;766838.44;Lhotka - po.zbrojnice è.p.24;;;;8:30;1-5 - pracovní dny (pondìlí a pátek)
26107;Depo Pøíbram 70;44;è.p. 44, 26301, Obory;1085723.75;763329.44;Obory - prodejna è.p.77;;;;9:30;1-5 - pracovní dny (pondìlí a pátek)
26107;Depo Pøíbram 70;45;ebrák 8, 26301, Neèín;1083533;760955.13;ebrák - u kaplièky è.p.8;;;;9:00;1-5 - pracovní dny (pondìlí a pátek)
26107;Depo Pøíbram 70;46;Drhovce 5, 26301, Drevníky;1080677.75;761737.5;Drhovce è.p.5;;;;9:00;1-5 - pracovní dny (pondìlí a pátek)
26107;Depo Pøíbram 70;47;Nechalov 22, 26301, Drevníky;1080752;760955;Nechalov - horní èást è.p.22;;;;9:00;1-5 - pracovní dny (pondìlí a pátek)
26107;Depo Pøíbram 70;48;Nechalov 7, 26301, Drevníky;1081012.63;760702.19;Nechalov - dolní èást è.p.7;;;;9:00;1-5 - pracovní dny (pondìlí a pátek)
26107;Depo Pøíbram 70;49;Slovanská Lhota 17, 26301, Drevníky;1080974.63;760003.5;Milina è.p.17;;;;9:00;1-5 - pracovní dny (pondìlí a pátek)
26107;Depo Pøíbram 70;50;Slovanská Lhota 32, 26301, Drevníky;1081367.38;759358.94;Slovany - horní èást è.p.32;;;;9:00;1-5 - pracovní dny (pondìlí a pátek)
26107;Depo Pøíbram 70;51;Slovanská Lhota 33, 26301, Drevníky;1081782.75;759662.13;Slovany - dolní èást è.p.33;;;;9:00;1-5 - pracovní dny (pondìlí a pátek)
26107;Depo Pøíbram 70;52;è.p. 51, 26301, Drevníky;1082048;758876;Drevníky - OÚ è.p.51;;;;9:00;1-5 - pracovní dny (pondìlí a pátek)
26107;Depo Pøíbram 70;53;è.p. 47, 26301, upanovice;1083803.24;757395.1;upanovice - prodejna è.p.47;;;;9:00;1-5 - pracovní dny (pondìlí a pátek)
26107;Depo Pøíbram 70;54;Hubenov 1, 26301, Borotice;1081544.5;757474.44;Hubenov èp.1;;;;8:30;1-5 - pracovní dny (pondìlí a pátek)
26107;Depo Pøíbram 70;55;è.p. 22, 26301, Drhovy;1079518.18;761551.93;Drhovy - prodejna è.p.22;;;;9:00;1-5 - pracovní dny (pondìlí a pátek)
26107;Depo Pøíbram 70;56;Háje 19, 26301, Høimìdice;1084674.32;759915.34;Háje - u èekárny è.p.19;;;;9:00;1-5 - pracovní dny (pondìlí a pátek)
26107;Depo Pøíbram 70;57;Vestec 11, 26301, Høimìdice;1086370.34;760288.05;Vestec è.p.11;;;;9:00;1-5 - pracovní dny (pondìlí a pátek)
26107;Depo Pøíbram 70;58;è.p. 27, 26301, Rybníky;1077694.63;763405.19;Rybníky - è.p.27;;;;9:00;1-5 - pracovní dny (pondìlí a pátek)
26107;Depo Pøíbram 70;59;Budínek 27, 26301, Svaté Pole;1076867.63;763990.94;Budínek - po.zbrojnice è.p.26;;;;9:00;1-5 - pracovní dny (pondìlí a pátek)
26107;Depo Pøíbram 70;60;Homole 15, 26301, Drhovy;1080367.25;759316.13;Homole è.p.15;;;;8:15;1-5 - pracovní dny (pondìlí a pátek)
26107;Depo Pøíbram 70;61;Karla Èapka 451, 26202, Stará Hu;1074149.25;763272.19;obchodní stø. Str;;;;8:30;1-5 - pracovní dny (pondìlí a pátek)
26107;Depo Pøíbram 70;62;Bubovická 425, 26272, Bøeznice;1096695.32;784965.45;Bubovická ul. èp.425;;;;10:00;1-5 - pracovní dny (pondìlí a pátek)
26107;Depo Pøíbram 70;63;Hlubyòská 313, 26272, Bøeznice;1096436.66;784786.04;kiosek u ZŠ è.p. 145,  Bøeznice;;;;9:00;1-5 - pracovní dny (pondìlí a pátek)
26107;Depo Pøíbram 70;64;Sadová 618, 26272, Bøeznice;1096452.27;784274.72;Sadová ul. è.p.618,MìZZ;;;;9:00;1-5 - pracovní dny (pondìlí a pátek)
26107;Depo Pøíbram 70;65;Borská 303, 26272, Bøeznice;1096863.2;783274.16;Borská ul. è.p.303, Bøeznice;;;;8:30;1-5 - pracovní dny (pondìlí a pátek)
26107;Depo Pøíbram 70;66;Na spoøilovì 364, 26272, Bøeznice;1096586.75;784042.21;ul.L.Kuby è.p. 364, Bøeznice;;;;8:30;1-5 - pracovní dny (pondìlí a pátek)
26107;Depo Pøíbram 70;67;Poèapská 262, 26272, Bøeznice;1096761.84;784358.57;u zámku  è.p. 262, Bøeznice;;;;8:30;1-5 - pracovní dny (pondìlí a pátek)
26107;Depo Pøíbram 70;68;Bor 21, 26272, Bøeznice;1097154;781922;Bor è.p. 21;;;;9:00;1-5 - pracovní dny (pondìlí a pátek)
26107;Depo Pøíbram 70;69;Dobrá Voda 10, 26272, Bøeznice;1097345.25;780980.1;Dobrá Voda è.p.10;;;;9:00;1-5 - pracovní dny (pondìlí a pátek)
26107;Depo Pøíbram 70;70;Martinice 4, 26272, Bøeznice;1098582.38;784314.31;Martinice è.p.4;;;;8:30;1-5 - pracovní dny (pondìlí a pátek)
26107;Depo Pøíbram 70;71;è.p. 10, 26272, Poèaply;1099048.63;782627.88;Poèaply è.p.10;;;;9:00;1-5 - pracovní dny (pondìlí a pátek)
26107;Depo Pøíbram 70;72;Zadní Poøíèí 17, 26272, Bøeznice;1093934;784999;Zadní Poøíèí è.p.17;;;;9:00;1-5 - pracovní dny (pondìlí a pátek)
26107;Depo Pøíbram 70;73;Pøední Poøíèí 1, 26272, Bøeznice;1094558.01;785055.91;Pøední Poøíèí è.p.1;;;;9:00;1-5 - pracovní dny (pondìlí a pátek)
26107;Depo Pøíbram 70;74;è.p. 11, 26272, Hlubynì;1096143.21;786557.3;Hlubynì è.p.11;;;;9:30;1-5 - pracovní dny (pondìlí a pátek)
26107;Depo Pøíbram 70;75;è.p. 60, 26272, Vševily;1095070.3;789308.63;Vševily è.p.60;;;;10:00;1-5 - pracovní dny (pondìlí a pátek)
26107;Depo Pøíbram 70;76;è.p. 5, 26272, Volenice;1097083.42;789635.2;Volenice è.p.5;;;;10:00;1-5 - pracovní dny (pondìlí a pátek)
26107;Depo Pøíbram 70;77;Proèevily 2, 26272, Volenice;1096314.6;788910.59;Proèevily è.p.2;;;;10:00;1-5 - pracovní dny (pondìlí a pátek)
26107;Depo Pøíbram 70;78;Bubovice 57, 26272, Volenice;1097171;786368.7;Bubovice è.p. 57;;;;10:30;1-5 - pracovní dny (pondìlí a pátek)
26107;Depo Pøíbram 70;79;è.p. 19, 26272, Hudèice;1099175.81;786775.86;Hudèice è.p.19;;;;11:00;1-5 - pracovní dny (pondìlí a pátek)
26107;Depo Pøíbram 70;80;è.p. 77, 26272, Koupì;1100831.95;787795.45;Koupì è.p.77;;;;11:00;1-5 - pracovní dny (pondìlí a pátek)
26107;Depo Pøíbram 70;81;Slavìtín 26, 26272, Hudèice;1099823.59;789186.28;Slavìtín è.p.26;;;;11:00;1-5 - pracovní dny (pondìlí a pátek)
26107;Depo Pøíbram 70;82;è.p. 2, 26272, Chrást;1092600.46;783575.95;Chrást è.p.2;;;;8:00;1-5 - pracovní dny (pondìlí a pátek)
26107;Depo Pøíbram 70;83;Lisovice 13, 26272, Chrást;1093180.73;782759.54;Lisovice è.p.13;;;;8:00;1-5 - pracovní dny (pondìlí a pátek)
26107;Depo Pøíbram 70;84;è.p. 20, 26272, Horèápsko;1094034.87;781723.8;Horèápsko è.p.20;;;;8:30;1-5 - pracovní dny (pondìlí a pátek)
26107;Depo Pøíbram 70;85;è.p. 14, 26272, Ostrov;1091399.06;779125.64;Ostrov è.p.14;;;;9:00;1-5 - pracovní dny (pondìlí a pátek)
26107;Depo Pøíbram 70;86;Hoøejany 8, 26272, Tochovice;1093940.98;779372.75;Hoøejany è.p.8;;;;9:00;1-5 - pracovní dny (pondìlí a pátek)
26107;Depo Pøíbram 70;87;Stará Voda 15, 26272, Horèápsko;1094152.76;780319.96;Stará Voda è.p.15;;;;10:00;1-5 - pracovní dny (pondìlí a pátek)
26107;Depo Pøíbram 70;88;è.p. 29, 26272, Tušovice;1094808.94;778925.93;Tušovièky è.p.29,;;;;10:00;1-5 - pracovní dny (pondìlí a pátek)
26107;Depo Pøíbram 70;89;è.p. 3, 26272, Tušovice;1095473.79;778638.57;Tušovice è.p.3;;;;10:00;1-5 - pracovní dny (pondìlí a pátek)
26107;Depo Pøíbram 70;90;è.p. 12, 26272, Svojšice;1095968.78;777733.37;Svojšice è.p. 12;;;;10:00;1-5 - pracovní dny (pondìlí a pátek)
26107;Depo Pøíbram 70;91;Kletice 17, 26272, Svojšice;1095150.72;777241.99;Kletice è.p.17;;;;10:00;1-5 - pracovní dny (pondìlí a pátek)
26107;Depo Pøíbram 70;92;Chraštièky 16, 26272, Chraštice;1096437.63;775036.38;Chraštièky è.p.16;;;;9:00;1-5 - pracovní dny (pondìlí a pátek)
26107;Depo Pøíbram 70;93;è.p. 19, 26272, Bukovany;1096316.13;773515.25;Bukovany è.p.19;;;;9:00;1-5 - pracovní dny (pondìlí a pátek)
26107;Depo Pøíbram 70;94;Holušice 18, 26272, Kozárovice;1096762.06;772571.36;Podholušice è.p.18;;;;9:00;1-5 - pracovní dny (pondìlí a pátek)
26107;Depo Pøíbram 70;95;Holušice 9, 26272, Kozárovice;1097375.06;772761.31;Holušice è.p.9;;;;9:00;1-5 - pracovní dny (pondìlí a pátek)
26107;Depo Pøíbram 70;96;è.p. 1, 26272, Nestrašovice;1097118;779046.63;Nestrašovice è.p.1;;;;9:00;1-5 - pracovní dny (pondìlí a pátek)
26107;Depo Pøíbram 70;97;è.p. 83, 26281, Tochovice;1092985.3;781488.07;Tochovice èp.83;;;;9:00;1-5 - pracovní dny (pondìlí a pátek)
26107;Depo Pøíbram 70;98;è.p. 162, 26284, Kozárovice;1098208.45;773202.28;Kozárovice - obchod è.p. 162, Kozárovice;;;;9:00;1-5 - pracovní dny (pondìlí a pátek)
26107;Depo Pøíbram 70;99;è.p. 47, 26284, Kozárovice;1098426.2;773404.71;Kozárovice - náves RAVAK è.p.47, Kozárovice;;;;9:00;1-5 - pracovní dny (pondìlí a pátek)
26107;Depo Pøíbram 70;100;Sídlištì 642, 26242, Romitál pod Tøemšínem;1090669.15;789887.42;stánek PNS è.p.642,  Romitál pod Tøemšínem;;;;9:00;1-5 - pracovní dny (pondìlí a pátek)
26107;Depo Pøíbram 70;101;Nádraní 555, 26242, Romitál pod Tøemšínem;1091301.79;789856.71;obchod za sokolovnou è.p.555Romitál pod Tøemšínem;;;;10:30;1-5 - pracovní dny (pondìlí a pátek)
26107;Depo Pøíbram 70;102;Na spravedlnosti 589, 26242, Romitál pod Tøemšínem;1091618.85;789810.43;Domov dùchodcù è.p.589Romitál pod Tøemšínem;;;;9:30;1-5 - pracovní dny (pondìlí a pátek)
26107;Depo Pøíbram 70;103;Komenského 96, 26242, Romitál pod Tøemšínem;1090647.17;789929.99;Starı Romitál - èekárna è.p. 96;;;;10:30;1-5 - pracovní dny (pondìlí a pátek)
26107;Depo Pøíbram 70;104;Palackého 230, 26242, Romitál pod Tøemšínem;1090909.7;789930.59;META Palackého 230 Romitál pod Tøemšínem;;;;11:00;1-5 - pracovní dny (pondìlí a pátek)
26107;Depo Pøíbram 70;105;è.p. 118, 26242, Nepomuk;1085949.97;791263.16;Nepomuk - obchod è.p.118;;;;9:00;1-5 - pracovní dny (pondìlí a pátek)
26107;Depo Pøíbram 70;106;Zalány 35, 26242, Romitál pod Tøemšínem;1087304.17;789893.93;Zalány - obchod è.p.35;;;;9:00;1-5 - pracovní dny (pondìlí a pátek)
26107;Depo Pøíbram 70;107;Hodìmyšl 26, 26242, Sedlice;1089935.69;788348.88;Hodìmyšl - obchod è.p.26;;;;8:30;1-5 - pracovní dny (pondìlí a pátek)
26107;Depo Pøíbram 70;108;è.p. 116, 26242, Vranovice;1088800.25;787129.31;Vranovice èp.116;;;;9:00;1-5 - pracovní dny (pondìlí a pátek)
26107;Depo Pøíbram 70;109;Pòovice 49, 26242, Romitál pod Tøemšínem;1092768.5;786754.88;Pòovice è.49;;;;9:00;1-5 - pracovní dny (pondìlí a pátek)
26107;Depo Pøíbram 70;110;Skuhrov 19, 26242, Romitál pod Tøemšínem;1092059.85;787222.89;Skuhrov èp.19;;;;9:00;1-5 - pracovní dny (pondìlí a pátek)
26107;Depo Pøíbram 70;111;Voltuš 34, 26242, Romitál pod Tøemšínem;1091616.63;791849;Voltuš - obchod è.p.34;;;;8:50;1-5 - pracovní dny (pondìlí a pátek)
26107;Depo Pøíbram 70;112;Hutì pod Tøemšínem 23, 26242, Romitál pod Tøemšínem;1091177.75;793919.19;Hutì èp.23;;;;9:00;1-5 - pracovní dny (pondìlí a pátek)
26107;Depo Pøíbram 70;113;è.p. 54, 26242, Bezdìkov pod Tøemšínem;1093637.6;789414.86;Bezdìkov - po.zbrojnice,è.p.54;;;;8:00;1-5 - pracovní dny (pondìlí a pátek)
26107;Depo Pøíbram 70;114;è.p. 19, 26242, Sedlice;1088869.45;788512.45;Sedlice - po.zbrojnice è.p.19;;;;8:00;1-5 - pracovní dny (pondìlí a pátek)
26107;Depo Pøíbram 70;115;Oslí 5, 26242, Chrást;1092205.06;785640.19;Oslí èp.5;;;;9:00;1-5 - pracovní dny (pondìlí a pátek)
26107;Depo Pøíbram 70;116;Strıèkovy 27, 26242, Romitál pod Tøemšínem;1089970.88;785120.19;Strıèkovy èp.27;;;;9:00;1-5 - pracovní dny (pondìlí a pátek)
26107;Depo Pøíbram 70;117;Nesvaèily 10, 26242, Romitál pod Tøemšínem;1090808.5;786485.31;Nesvaèily èp.10;;;;9:00;1-5 - pracovní dny (pondìlí a pátek)
26107;Depo Pøíbram 70;118;Namnice 3, 26242, Chrást;1091422.37;785760.94;Namnice - náves è.p.3;;;;9:00;1-5 - pracovní dny (pondìlí a pátek)
26107;Depo Pøíbram 70;119;è.p. 113, 26242, Vysoká u Pøíbramì;1088007.53;783849.35;Vysoká u zámku è.p.69;;;;9:00;1-5 - pracovní dny (pondìlí a pátek)
26107;Depo Pøíbram 70;120;è.p. 32, 26242, Vysoká u Pøíbramì;1088164.82;783510.45;Vysoká - zast.ÈSAD è.p.32;;;;9:00;1-5 - pracovní dny (pondìlí a pátek)
26107;Depo Pøíbram 70;121;è.p. 31, 26242, Modøovice;1090093.88;783118.13;Modøovice è.p.31;;;;9:00;1-5 - pracovní dny (pondìlí a pátek)
26107;Depo Pøíbram 70;122;Buková 52, 26242, Vìšín;1087586.98;792588.99;Buková  - u po.zbrojnice è.p.52;;;;8:00;1-5 - pracovní dny (pondìlí a pátek)
26107;Depo Pøíbram 70;123;Roelov 11, 26242, Hvoïany;1095917.75;795868.31;Roelov è.p.11;;;;9:00;1-5 - pracovní dny (pondìlí a pátek)
26107;Depo Pøíbram 70;124;Roelov 24, 26242, Hvoïany;1096140;796305.5;Mıta - prodejna è.p.72;;;;9:00;1-5 - pracovní dny (pondìlí a pátek)
26107;Depo Pøíbram 70;125;Pozdynì 21, 26242, Hvoïany;1099034.9;797498.31;Pozdynì - náves è.p.21;;;;9:00;1-5 - pracovní dny (pondìlí a pátek)
26107;Depo Pøíbram 70;126;Bøezí 3, 26401, Nechvalice;1101355.13;749045.44;Bøezí OÚ, è.p.3;;;;9:00;1-5 - pracovní dny (pondìlí a pátek)
26107;Depo Pøíbram 70;127;Tisov 16, 26242, Bìlèice;1099920.95;794506.5;Tisov - u DS è.p.16;;;;9:00;1-5 - pracovní dny (pondìlí a pátek)
26107;Depo Pøíbram 70;128;Leletice 1, 26242, Hvoïany;1099069.46;792886.55;Leletice zast.ÈSAD è.p.1;;;;9:00;1-5 - pracovní dny (pondìlí a pátek)
26107;Depo Pøíbram 70;129;Vacíkov 60, 26242, Hvoïany;1096945.81;792955.82;Vacíkov prodejna è.p.60;;;;9:00;1-5 - pracovní dny (pondìlí a pátek)
26107;Depo Pøíbram 70;130;è.p. 7, 26242, Tøebsko;1089361.88;782285.13;èp. 7, Tøebsko;;;;9:00;1-5 - pracovní dny (pondìlí a pátek)
26107;Depo Pøíbram 70;131;ikova 86, Pøíbram IX, 26101, Pøíbram;1082855.52;776465.28;Pøíbram IX - Protifaš.bojovníkù è.p.86, Pøíbram;;;;9:00;1-5 - pracovní dny (pondìlí a pátek)
26107;Depo Pøíbram 70;132;Slivickıch bojovníkù 446, Pøíbram III, 26101, Pøíbram;1084150.07;777858.02;Pøíbram III - Sázky - prodejna è.p.446, Pøíbram;;;;10:00;1-5 - pracovní dny (pondìlí a pátek)
26107;Depo Pøíbram 70;133;Hradební 69, Pøíbram I, 26101, Pøíbram;1082682;778278;Hradební 69, Pøíbram I;;;;8:00;1-5 - pracovní dny (pondìlí a pátek)
26107;Depo Pøíbram 70;134;Hradební 84, Pøíbram I, 26101, Pøíbram;1082634;778249;Pøíbram I - nemocnice - vrátnice è.p.84;;;;11:00;1-5 - pracovní dny (pondìlí a pátek)
26107;Depo Pøíbram 70;135;Na Struhách 283, Pøíbram VI-Bøezové Hory, 26101, Pøíbram;1083617.51;780145.17;Pb VI-Bøezové Hory, Na struhách è.p.283;;;;11:00;1-5 - pracovní dny (pondìlí a pátek)
26107;Depo Pøíbram 70;136;è.p. 115, 26101, Trhové Dušníky;1080126.09;777644.14;Trhové Dušníky - u prodejny è.p.115, Pøíbram;;;;8:00;1-5 - pracovní dny (pondìlí a pátek)
26107;Depo Pøíbram 70;137;Kardavec 35, 26101, Hluboš;1078241.33;776996.07;Kardavec u rybníka è.p.35,5;;;;8:00;1-5 - pracovní dny (pondìlí a pátek)
26107;Depo Pøíbram 70;138;è.p. 20, 26101, Obèov;1080732.25;773914.25;Obèov - Obecní úøad è.p.20;;;;8:45;1-5 - pracovní dny (pondìlí a pátek)
26107;Depo Pøíbram 70;139;è.p. 51, 26101, Suchodol;1079608.69;772474.18;Suchodol - prodejna è.p.51;;;;9:00;1-5 - pracovní dny (pondìlí a pátek)
26107;Depo Pøíbram 70;140;è.p. 51, 26101, Dubno;1082353.12;775014.56;Dubno - prodejna è.p.51;;;;8:15;1-5 - pracovní dny (pondìlí a pátek)
26107;Depo Pøíbram 70;141;è.p. 73, 26101, Drásov;1082392.13;770323.13;Drásov u hostince è.p.73;;;;9:30;1-5 - pracovní dny (pondìlí a pátek)
26107;Depo Pøíbram 70;142;Skalka 14, 26101, Drásov;1081846.25;770759.13;Skalka - Cihelna è.p.49;;;;9:00;1-5 - pracovní dny (pondìlí a pátek)
26107;Depo Pøíbram 70;143;Skalka 16, 26101, Drásov;1081796.88;770773.75;Skalka - u kaplièky è.p.14,16;;;;9:30;1-5 - pracovní dny (pondìlí a pátek)
26107;Depo Pøíbram 70;144;è.p. 41, 26101, Dubenec;1082738.7;773133.84;Dubenec u prodejny è.p.79,;;;;9:00;1-5 - pracovní dny (pondìlí a pátek)
26107;Depo Pøíbram 70;145;è.p. 39, 26101, Háje;1084918.7;775878.6;Háje - u OÚ è.p.39;;;;8:00;1-5 - pracovní dny (pondìlí a pátek)
26107;Depo Pøíbram 70;146;Jerusalem 9, 26101, Pøíbram;1086003.18;776814.54;Jerusalém è.p 9, è.p.18;;;;8:00;1-5 - pracovní dny (pondìlí a pátek)
26107;Depo Pøíbram 70;147;è.p. 23, 26101, Narysov;1086780.49;781682.47;Narysov - Vejfuk è.p.23;;;;8:00;1-5 - pracovní dny (pondìlí a pátek)
26107;Depo Pøíbram 70;148;è.p. 76, 26101, Narysov;1087647;781802;Narysov - prodejna è.p.76;;;;8:00;1-5 - pracovní dny (pondìlí a pátek)
26107;Depo Pøíbram 70;149;Zavrice 4, 26101, Pøíbram;1088786.71;780916.13;Zavrice è.p.4, 13;;;;8:00;1-5 - pracovní dny (pondìlí a pátek)
26107;Depo Pøíbram 70;150;Lazec 7, 26101, Pøíbram;1083650.4;781690.38;Lazec - po.zbrojnice è.p.10, è.p.9;;;;8:30;1-5 - pracovní dny (pondìlí a pátek)
26107;Depo Pøíbram 70;151;Orlov 30, 26101, Pøíbram;1082334.39;782687.54;Orlov - zastávka MHD è.p.30;;;;9:00;1-5 - pracovní dny (pondìlí a pátek)
26107;Depo Pøíbram 70;152;Orlov 4, 26101, Pøíbram;1082544.36;781708.49;Orlov - zast.MHD è.p.4;;;;9:00;1-5 - pracovní dny (pondìlí a pátek)
26107;Depo Pøíbram 70;153;è.p. 54, 26101, Podlesí;1080943.23;780254.94;Nové Podlesí - zast.ÈSAD è.p.356, 54;;;;9:30;1-5 - pracovní dny (pondìlí a pátek)
26107;Depo Pøíbram 70;154;Oseè 31, 26101, Obecnice;1080622.38;781615.63;Oseè - zastávka Bus;;;;9:15;1-5 - pracovní dny (pondìlí a pátek)
26107;Depo Pøíbram 70;155;è.p. 121, 26221, Obecnice;1080618.88;782306.38;Obecnice samoty è.p.121,73;;;;9:30;1-5 - pracovní dny (pondìlí a pátek)
26107;Depo Pøíbram 70;156;è.p. 52, 26101, Drahlín;1077505.84;781747.72;Malı Drahlín è.p.52;;;;10:00;1-5 - pracovní dny (pondìlí a pátek)
26107;Depo Pøíbram 70;157;è.p. 92, 26101, Drahlín;1077615.7;780488.43;Drahlín èp.92;;;;10:30;1-5 - pracovní dny (pondìlí a pátek)
26107;Depo Pøíbram 70;158;è.p. 78, 26101, Sádek;1077638.55;779498.74;Sádek - è.p.78;;;;11:00;1-5 - pracovní dny (pondìlí a pátek)
26107;Depo Pøíbram 70;159;Vysoká Pec 78, 26241, Bohutín;1084647.17;781792.94;Vysoká Pec è.p. 78;;;;8:00;1-5 - pracovní dny (pondìlí a pátek)
26107;Depo Pøíbram 70;160;Vysoká Pec 224, 26241, Bohutín;1085075.66;781793.06;Vysoká Pec - obchod è.p. 224;;;;8:15;1-5 - pracovní dny (pondìlí a pátek)
26107;Depo Pøíbram 70;161;Tisová 20, 26241, Bohutín;1085887.3;782288.98;Tisová - váha ZD u è.p. 20a 1;;;;9:00;1-5 - pracovní dny (pondìlí a pátek)
26107;Depo Pøíbram 70;162;è.p. 40, 26241, Bohutín;1085758.76;783501.38;Bohutím - školní jídelna;;;;9:00;1-5 - pracovní dny (pondìlí a pátek)
26107;Depo Pøíbram 70;163;è.p. 89, 26241, Láz;1085955.8;786241.37;Láz horní obchod è.p.89;;;;10:00;1-5 - pracovní dny (pondìlí a pátek)
26107;Depo Pøíbram 70;164;è.p. 205, 26241, Láz;1085804.16;785782.27;Láz - dolní obchod è.p. 205;;;;9:00;1-5 - pracovní dny (pondìlí a pátek)
26107;Depo Pøíbram 70;165;Kozièín 50, 26101, Pøíbram;1083828.73;782677.52;Kozièín - hasièská zbrojnice è.p.50, è.p.21;;;;8:00;1-5 - pracovní dny (pondìlí a pátek)
26107;Depo Pøíbram 70;166;è.p. 131, 26101, Lhota u Pøíbramì;1079772.39;779948.25;Lhota u Pøíbramì - proti MSM è.p.13,;;;;8:30;1-5 - pracovní dny (pondìlí a pátek)
26107;Depo Pøíbram 70;167;è.p. 184, 26101, Podlesí;1082825.44;780217.87;Staré Podlesí - prodejna è.p.184;;;;10:00;1-5 - pracovní dny (pondìlí a pátek)
26107;Depo Pøíbram 70;168;è.p. 328, 26101, Podlesí;1082898.53;780231.04;Podlesí è.p.328;;;;10:00;1-5 - pracovní dny (pondìlí a pátek)
26107;Depo Pøíbram 70;169;eice 83, 26101, Pøíbram;1086023.71;779659.34;eice - prodejna è.p.83;;;;8:00;1-5 - pracovní dny (pondìlí a pátek)
26107;Depo Pøíbram 70;170;Dolní 12, Brod, 26101, Pøíbram;1085891.33;778474.67;Brod - náves è.p.12;;;;8:00;1-5 - pracovní dny (pondìlí a pátek)
26107;Depo Pøíbram 70;172;Na Severním sídlišti 1071, 26401, Sedlèany;1090031.67;749357.68;Sedlèany - Na Severním sídlišti è.p.1071;;;;9:00;1-5 - pracovní dny (pondìlí a pátek)
26107;Depo Pøíbram 70;173;Novomìstské námìstí 230, 26401, Sedlèany;1089935.55;748974.41;Sedlèany - Novomìstské námìstí è.p. 230;;;;9:00;1-5 - pracovní dny (pondìlí a pátek)
26107;Depo Pøíbram 70;174;námìstí T. G. Masaryka 32, 26401, Sedlèany;1090346.61;749070.72;Sedlèany námìstí TGM MìÚ è.p. 32;;;;9:00;1-5 - pracovní dny (pondìlí a pátek)
26107;Depo Pøíbram 70;175;Sokolovská 503, 26401, Sedlèany;1090651.85;749178.21;Sedlèany - Sokolovská è.p. 503;;;;9:00;1-5 - pracovní dny (pondìlí a pátek)
26107;Depo Pøíbram 70;176;Strojírenská 791, 26401, Sedlèany;1091059.47;748197.31;STROS - vrátnice;;;;9:00;1-5 - pracovní dny (pondìlí a pátek)
26107;Depo Pøíbram 70;177;Strojírenská 1147, 26401, Sedlèany;1090867.13;748552.31;Sedlèany ul. Strojírenská è.p. 1147;;;;9:00;1-5 - pracovní dny (pondìlí a pátek)
26107;Depo Pøíbram 70;178;Rùová 131, 26401, Sedlèany;1090374.52;748894.77;Nádraní è.p.131;;;;9:00;1-5 - pracovní dny (pondìlí a pátek)
26107;Depo Pøíbram 70;179;Rovina 24, 26401, Poèepice;1096344;751345;Rovina è.p 24;;;;8:00;1-5 - pracovní dny (pondìlí a pátek)
26107;Depo Pøíbram 70;180;è.p. 43, 26401, Nechvalice;1099312.44;752124.5;Nechvalice è.p.43;;;;8:30;1-5 - pracovní dny (pondìlí a pátek)
26107;Depo Pøíbram 70;181;Libèice 1, 26401, Nechvalice;1099549.63;751977.69;Libèice è.p.1;;;;8:40;1-5 - pracovní dny (pondìlí a pátek)
26107;Depo Pøíbram 70;182;Mokøany 12, 26401, Nechvalice;1100275.13;751656.19;Mokøany è.p.12;;;;8:50;1-5 - pracovní dny (pondìlí a pátek)
26107;Depo Pøíbram 70;183;Draka 21, 26401, Nechvalice;1100722;750144;Draka è.p 31;;;;9:30;1-5 - pracovní dny (pondìlí a pátek)
26107;Depo Pøíbram 70;184;Chválov 1, 26401, Nechvalice;1101996.88;749469.75;Chválov è.p.1;;;;9:50;1-5 - pracovní dny (pondìlí a pátek)
26107;Depo Pøíbram 70;185;Bøezí 3, 26401, Nechvalice;1101355.13;749045.44;Bøezí è.p.3;;;;10:00;1-5 - pracovní dny (pondìlí a pátek)
26107;Depo Pøíbram 70;186;Øedice 18, 26401, Nechvalice;1100050.13;749805.56;Øedice è.p 18;;;;10:30;1-5 - pracovní dny (pondìlí a pátek)
26107;Depo Pøíbram 70;187;Bratøíkovice 9, 26401, Nechvalice;1100892.5;752779.88;Bratøíkovice è.p.9;;;;10:45;1-5 - pracovní dny (pondìlí a pátek)
26107;Depo Pøíbram 70;188;Bratøejov 9, 26401, Nechvalice;1098763.75;754104.63;Bratøejov è.p.9;;;;10:50;1-5 - pracovní dny (pondìlí a pátek)
26107;Depo Pøíbram 70;189;Poøešice 40, 26401, Vysokı Chlumec;1094892.24;754962.58;Poøešice è.p.22;;;;10:15;1-5 - pracovní dny (pondìlí a pátek)
26107;Depo Pøíbram 70;190;Hrabøí 4, 26401, Vysokı Chlumec;1092397.97;755537.12;Hrabøí è.p.4;;;;12:00;1-5 - pracovní dny (pondìlí a pátek)
26107;Depo Pøíbram 70;191;Oøíkov 29, 26401, Sedlèany;1091760;752352;Oøíkov;;;;12:10;1-5 - pracovní dny (pondìlí a pátek)
26107;Depo Pøíbram 70;192;Vápenice 3, 26401, Vysokı Chlumec;1094458.73;750861.35;Vápenice è.p.3;;;;8:10;1-5 - pracovní dny (pondìlí a pátek)
26107;Depo Pøíbram 70;193;Libíò 11, 26401, Sedlèany;1093841.38;749542.75;Libíò è.p.11;;;;8:00;1-5 - pracovní dny (pondìlí a pátek)
26107;Depo Pøíbram 70;194;è.p. 29, 26252, Vysokı Chlumec;1094842.32;752091.38;Vysokı Chlumec - pivovar è.p.29;;;;10:00;1-5 - pracovní dny (pondìlí a pátek)
26107;Depo Pøíbram 70;195;Bor 3, 26401, Nedrahovice;1094211.5;748567.13;Bor è.p.3;;;;8:10;1-5 - pracovní dny (pondìlí a pátek)
26107;Depo Pøíbram 70;196;Kamenice 6, 26401, Nedrahovice;1096314.38;748840.81;Kamenice è.p.19;;;;8:25;1-5 - pracovní dny (pondìlí a pátek)
26107;Depo Pøíbram 70;197;è.p. 41, 26401, Nedrahovice;1095836.38;747901.25;Nedrahovice è.p.41;;;;8:45;1-5 - pracovní dny (pondìlí a pátek)
26107;Depo Pøíbram 70;198;è.p. 20, 26401, Jesenice;1096527.38;746179.5;Jesenice u Sedlèan è.p.20;;;;9:05;1-5 - pracovní dny (pondìlí a pátek)
26107;Depo Pøíbram 70;199;Bolechovice 7, 26401, Sedlec-Prèice;1096284.13;744390.25;Bolechovice è.p.13;;;;10:00;1-5 - pracovní dny (pondìlí a pátek)
26107;Depo Pøíbram 70;200;Dohnalova Lhota 1, 26401, Kosova Hora;1092889.25;746631.46;Dohnalova Lhota è.p.1;;;;10:30;1-5 - pracovní dny (pondìlí a pátek)
26107;Depo Pøíbram 70;201;Lovèice 6, 26401, Kosova Hora;1094540.63;743775.38;Lovèice è.p.6;;;;12:10;1-5 - pracovní dny (pondìlí a pátek)
26107;Depo Pøíbram 70;202;Lavièky 3, 26401, Kosova Hora;1092977.13;744379.94;Lavièky è.p.3;;;;12:40;1-5 - pracovní dny (pondìlí a pátek)
26107;Depo Pøíbram 70;203;Boøená Hora 9, 26401, Štìtkovice;1090746.25;743115.5;Boøená Hora è.p.9;;;;8:00;1-5 - pracovní dny (pondìlí a pátek)
26107;Depo Pøíbram 70;204;è.p. 45, 26401, Štìtkovice;1090277.31;742372.58;Štìtkovice è.p.45;;;;8:15;1-5 - pracovní dny (pondìlí a pátek)
26107;Depo Pøíbram 70;205;è.p. 3, 26401, Štìtkovice;1089631;743206;Štìtkovice è.p.3;;;;8:20;1-5 - pracovní dny (pondìlí a pátek)
26107;Depo Pøíbram 70;206;Klimìtice 25, 26401, Prosenická Lhota;1088412.2;742565.76;Klimìtice è.p.25;;;;8:30;1-5 - pracovní dny (pondìlí a pátek)
26107;Depo Pøíbram 70;207;Suchdol 29, 26401, Prosenická Lhota;1086363.75;743363.06;Suchdol è.p.29;;;;8:40;1-5 - pracovní dny (pondìlí a pátek)
26107;Depo Pøíbram 70;208;Prosenice 2, 26401, Prosenická Lhota;1086894.24;744361.52;Prosenice è.p.2;;;;9:00;1-5 - pracovní dny (pondìlí a pátek)
26107;Depo Pøíbram 70;209;è.p. 14, 26401, Prosenická Lhota;1087523.48;744445.03;Prosenická Lhota è.p.14;;;;9:30;1-5 - pracovní dny (pondìlí a pátek)
26107;Depo Pøíbram 70;210;Luhy 11, 26401, Prosenická Lhota;1088883.75;744283.81;Luhy è.p.11;;;;9:40;1-5 - pracovní dny (pondìlí a pátek)
26107;Depo Pøíbram 70;211;Zberaz 3, 26401, Sedlèany;1088638.59;747704.48;Zberaz è.p.25;;;;10:30;1-5 - pracovní dny (pondìlí a pátek)
26107;Depo Pøíbram 70;212;Sestrouò 11, 26401, Sedlèany;1087922.89;747296.54;Sestrouò è.p.5;;;;10:45;1-5 - pracovní dny (pondìlí a pátek)
26107;Depo Pøíbram 70;213;Velbìhy 15, 26401, Oseèany;1084624.46;746203.62;Velbìhy è.p.15;;;;11:00;1-5 - pracovní dny (pondìlí a pátek)
26107;Depo Pøíbram 70;214;è.p. 189, 26291, Kosova Hora;1090871.25;745146.94;Kosova Hora -obchod è.p.275;;;;8:10;1-5 - pracovní dny (pondìlí a pátek)
26107;Depo Pøíbram 70;215;è.p. 18, 26401, Radíè;1083872;749007;Radíè è.p.6;;;;12:45;1-5 - pracovní dny (pondìlí a pátek)
26107;Depo Pøíbram 70;216;è.p. 2, 26401, Oseèany;1086050.8;747520.79;Oseèany - náves è.p.2;;;;13:00;1-5 - pracovní dny (pondìlí a pátek)
26107;Depo Pøíbram 70;217;Na Èerveném Hrádku 761, 26401, Sedlèany;1090641.38;747382.97;Èervenı Hrádek è.p.761;;;;10:15;1-5 - pracovní dny (pondìlí a pátek)
26107;Depo Pøíbram 70;218;Na Skalách 777, 26401, Sedlèany;1090387.19;747256.53;Èervenı Hrádek - Skály è.p.777;;;;10:35;1-5 - pracovní dny (pondìlí a pátek)
26107;Depo Pøíbram 70;219;è.p. 102, 26401, Pøíèovy;1088436.25;751338.5;Pøíèovy è.p.102;;;;8:00;1-5 - pracovní dny (pondìlí a pátek)
26107;Depo Pøíbram 70;220;Solopysky 19, 26401, Sedlèany;1090422.5;752096.06;Solopysky è.p.62;;;;8:10;1-5 - pracovní dny (pondìlí a pátek)
26107;Depo Pøíbram 70;221;Tøebnice 73, 26401, Sedlèany;1090601;754901;Tøebnice è.p.73;;;;8:20;1-5 - pracovní dny (pondìlí a pátek)
26107;Depo Pøíbram 70;222;Tøebnice 6, 26401, Sedlèany;1090438.63;753873.75;Štileèek;;;;8:40;1-5 - pracovní dny (pondìlí a pátek)
26107;Depo Pøíbram 70;223;Bøekova Lhota 9, 26401, Dublovice;1089689.88;753448.75;Bøekova Lhota 9;;;;8:45;1-5 - pracovní dny (pondìlí a pátek)
26107;Depo Pøíbram 70;224;Chramosty 4, 26401, Dublovice;1088511;756156;Chramosty è.p.3;;;;8:50;1-5 - pracovní dny (pondìlí a pátek)
26107;Depo Pøíbram 70;225;Líchovy 31, 26401, Dublovice;1087298.38;756280.31;Líchovy  è.p.31;;;;9:00;1-5 - pracovní dny (pondìlí a pátek)
26107;Depo Pøíbram 70;226;Zvírotice 34, 26401, Dublovice;1084730.38;757207.13;Zvírotice è.p.34;;;;9:30;1-5 - pracovní dny (pondìlí a pátek)
26107;Depo Pøíbram 70;227;è.p. 14, 26401, Køepenice;1084609;753747.25;Køepenice è.p.14;;;;10:10;1-5 - pracovní dny (pondìlí a pátek)
26107;Depo Pøíbram 70;228;Nová Ves 20, 26401, Nalovice;1084528.9;751332.6;Nalovické Podhájí è.p.33;;;;11:00;1-5 - pracovní dny (pondìlí a pátek)
26107;Depo Pøíbram 70;229;Nová Ves 20, 26401, Nalovice;1084528.9;751332.6;Nová Ves è.p.20;;;;11:45;1-5 - pracovní dny (pondìlí a pátek)
26107;Depo Pøíbram 70;230;ïár 7, 26401, Radíè;1083693;750601;ïár è.p.7;;;;11:50;1-5 - pracovní dny (pondìlí a pátek)
26107;Depo Pøíbram 70;231;è.p. 2, 26401, Kòovice;1086808.95;750355.51;Kòovice è.p.3;;;;12:30;1-5 - pracovní dny (pondìlí a pátek)
26107;Depo Pøíbram 70;232;Kòovièky 3, 26401, Kòovice;1087570.72;750154.87;Kòovièky è.p.8;;;;13:00;1-5 - pracovní dny (pondìlí a pátek)
26107;Depo Pøíbram 70;233;è.p. 40, 26293, Nalovice;1085278.08;752191.18;Nalovice - smíš.zboí è.p.47;;;;10:40;1-5 - pracovní dny (pondìlí a pátek)
26107;Depo Pøíbram 70;234;11. kvìtna 5, 26231, Milín;1089385.17;776509.89;Milín - u èekárny è.p.5 ÈSAD;;;;9:00;1-5 - pracovní dny (pondìlí a pátek)
26107;Depo Pøíbram 70;235;è.p. 35, 26231, Lazsko;1089906.37;779743.47;Lazsko - po.sklad è.p.35;;;;9:00;1-5 - pracovní dny (pondìlí a pátek)
26107;Depo Pøíbram 70;236;Kamenná 2, 26231, Milín;1089756;780592;Kamenná èp.02;;;;9:00;1-5 - pracovní dny (pondìlí a pátek)
26107;Depo Pøíbram 70;237;Buk 17, 26231, Milín;1087693.53;775264.78;Buk è.17;;;;9:00;1-5 - pracovní dny (pondìlí a pátek)
26107;Depo Pøíbram 70;238;è.p. 13, 26401, Jesenice;1096721.56;746168.83;Jesenice è.p.13;;;;8:00;1-5 - pracovní dny (pondìlí a pátek)
26107;Depo Pøíbram 70;239;Konìtopy 27, 26231, Milín;1087357.8;777156.87;Konìtopy - prodejna è.p.27;;;;8:00;1-5 - pracovní dny (pondìlí a pátek)
26107;Depo Pøíbram 70;240;è.p. 10, 26231, Radìtice;1088814.63;774141.56;Radìtice - prodejna è.p.10;;;;9:00;1-5 - pracovní dny (pondìlí a pátek)
26107;Depo Pøíbram 70;241;Stìov 31, 26231, Milín;1088288.63;772701;Stìov - zast.ÈSAD è.p.31;;;;9:00;1-5 - pracovní dny (pondìlí a pátek)
26107;Depo Pøíbram 70;242;Drsník 12, 26231, Peèice;1090629.93;772668.97;Drsník - OÚ è.p.12;;;;9:00;1-5 - pracovní dny (pondìlí a pátek)
26107;Depo Pøíbram 70;243;Peèièky 31, 26231, Peèice;1091070.72;773876.22;Luh - zast.ÈSAD è.p. 31;;;;9:00;1-5 - pracovní dny (pondìlí a pátek)
26107;Depo Pøíbram 70;244;ivotice 15, 26231, Vranèice;1091768;776568.56;ivotice - rozcestí è.p.15;;;;8:30;1-5 - pracovní dny (pondìlí a pátek)
26107;Depo Pøíbram 70;245;è.p. 32, 26231, Vranèice;1091823.77;777228.23;Vranèice - po.zbrojnice è.p.32;;;;8:30;1-5 - pracovní dny (pondìlí a pátek)
26107;Depo Pøíbram 70;246;è.p. 25, 26231, Tìchaøovice;1093044.06;776826.06;Tìchaøovice - rozcestí è.p.25;;;;9:00;1-5 - pracovní dny (pondìlí a pátek)
26107;Depo Pøíbram 70;247;Rtišovice 8, 26231, Milín;1091345.29;775256.59;Rtišovice èp.8;;;;8:00;1-5 - pracovní dny (pondìlí a pátek)
26107;Depo Pøíbram 70;248;è.p. 86, 26231, Milín;1087947.16;777199.93;Slivice - u kaplièek è.p.86;;;;8:00;1-5 - pracovní dny (pondìlí a pátek)
26107;Depo Pøíbram 70;249;è.p. 12, 26231, Lešetice;1087458.66;778116.82;Lešetice - náves è.p.12;;;;8:00;1-5 - pracovní dny (pondìlí a pátek)
26107;Depo Pøíbram 70;250;è.p. 55, 26231, Bohostice;1093648.95;770403.03;Bohostice - prodejna è.p.55;;;;9:00;1-5 - pracovní dny (pondìlí a pátek)
26107;Depo Pøíbram 70;251;Školní 246, 26231, Milín;1089358.93;776977.2;Milín - prodejna u ZŠ è.p.246;;;;9:00;1-5 - pracovní dny (pondìlí a pátek)
26107;Depo Pøíbram 70;252;Kamenná 19, 26231, Bohostice;1094694.23;771324.36;Kamenná u zvonièky;Pøíbram I;Pøíbram;Pøíbram;9:15;1-5 - pracovní dny (pondìlí a pátek)
26107;Depo Pøíbram 70;253;è.p. 7, 26231, Cetynì;1093725.94;771727.29;Cetynì - zastávka è.p.7;;;;9:00;1-5 - pracovní dny (pondìlí a pátek)
26107;Depo Pøíbram 70;254;è.p. 49, 26231, Zbenice;1094223.63;774205.44;Zbenice - prodejna è.p.49;;;;9:00;1-5 - pracovní dny (pondìlí a pátek)
26107;Depo Pøíbram 70;255;Mıšlovice 11, 26231, Vranèice;1092299.88;775391.56;Mıšlovice - náves è.p.11;;;;9:00;1-5 - pracovní dny (pondìlí a pátek)
26107;Depo Pøíbram 70;256;Peèièky 3, 26231, Peèice;1091710.88;772629;Peèièky u èp.3;;;;9:00;1-5 - pracovní dny (pondìlí a pátek)
26107;Depo Pøíbram 70;257;Palivo 5, 26231, Radìtice;1088275.63;774462.31;Palivo - rozcestí è.p.5;;;;9:00;1-5 - pracovní dny (pondìlí a pátek)
26107;Depo Pøíbram 70;258;è.p. 35, 26231, Peèice;1094272.92;773523.78;Hviïour èp.35;;;;9:00;1-5 - pracovní dny (pondìlí a pátek)
26107;Depo Pøíbram 70;259;è.p. 4, 26263, Kamık nad Vltavou;1090513.24;761661.64;pøed 4 u zast.ÈSAD;;;;8:30;1-5 - pracovní dny (pondìlí a pátek)
26107;Depo Pøíbram 70;260;è.p. 25, 26263, Kamık nad Vltavou;1090629.05;761396.59;u Patáka u 25;;;;9:30;1-5 - pracovní dny (pondìlí a pátek)
26107;Depo Pøíbram 70;261;è.p. 49, 26263, Zduchovice;1090378.96;764777.1;Zduchovice - obchod, u 49;;;;8:00;1-5 - pracovní dny (pondìlí a pátek)
26107;Depo Pøíbram 70;262;Nepøejov 2, 26263, Dolní Hbity;1089739.47;767278.51;Nepøejov - náves, pøed 2;;;;11:00;1-5 - pracovní dny (pondìlí a pátek)
26107;Depo Pøíbram 70;263;Vìtrov 14, 26263, Solenice;1091355.56;766489.41;Vìtrov èp.14;;;;11:15;1-5 - pracovní dny (pondìlí a pátek)
26107;Depo Pøíbram 70;264;è.p. 42, 26263, Smolotely;1089689.26;771924.47;Dalskabáty - náves, u 42;;;;11:45;1-5 - pracovní dny (pondìlí a pátek)
26107;Depo Pøíbram 70;265;Horní Líšnice 7, 26263, Dolní Hbity;1090169.37;768121.26;Horní Líšnice - rozcestí, za 7;;;;12:00;1-5 - pracovní dny (pondìlí a pátek)
26107;Depo Pøíbram 70;266;Horní Hbity 29, 26263, Jablonná;1088090.42;768760.29;Horrní Hbity - prodejna, za 29;;;;10:30;1-5 - pracovní dny (pondìlí a pátek)
26107;Depo Pøíbram 70;267;Káciò 54, 26263, Dolní Hbity;1088379.98;770840.4;Káciò - prodejna, pøed 54;;;;10:15;1-5 - pracovní dny (pondìlí a pátek)
26107;Depo Pøíbram 70;268;è.p. 77, 26263, Jablonná;1087094.78;769476.19;Jablonná - náves, è.p. 77 náves;;;;10:00;1-5 - pracovní dny (pondìlí a pátek)
26107;Depo Pøíbram 70;270;Jelence 34, 26263, Dolní Hbity;1086298.84;768040.01;Jelence - zast.ÈSAD, u 34;;;;9:30;1-5 - pracovní dny (pondìlí a pátek)
26107;Depo Pøíbram 70;271;Luhy 37, 26263, Dolní Hbity;1087923.5;765417.86;Luhy - zast.ÈSAD, u 37;;;;8:30;1-5 - pracovní dny (pondìlí a pátek)
26107;Depo Pøíbram 70;272;Tøtí 8, 26263, Dolní Hbity;1088563.81;763638.62;Tøtí - zast.ÈSAD, u 8;;;;9:00;1-5 - pracovní dny (pondìlí a pátek)
26107;Depo Pøíbram 70;273;Velká 13, 26263, Kamık nad Vltavou;1088429.5;761348.93;Velká - zast.ÈSAD, u 13;;;;9:15;1-5 - pracovní dny (pondìlí a pátek)
26107;Depo Pøíbram 70;274;è.p. 50, 26263, Smolotely;1091349.37;769690.85;Smolotely - parèík, u 50;;;;11:30;1-5 - pracovní dny (pondìlí a pátek)
26107;Depo Pøíbram 70;275;è.p. 52, 26263, Smolotely;1090632.62;770378.44;Draha - u mostu, u 52;;;;12:00;1-5 - pracovní dny (pondìlí a pátek)
26107;Depo Pøíbram 70;276;è.p. 37, 26263, Solenice;1092971.63;766240.63;Solenice budova pošty;;;;9:00;1-5 - pracovní dny (pondìlí a pátek)
26107;Depo Pøíbram 70;277;Voltıøov 42, 26256, Kluèenice;1100723.65;767104.03;Voltıøov - náves za è.p. 42;;;;8:30;1-5 - pracovní dny (pondìlí a pátek)
26107;Depo Pøíbram 70;278;è.p. 40, 26256, Kluèenice;1099134.31;766538.76;Ovèín - rozcestí pøed è.p. 41;;;;8:50;1-5 - pracovní dny (pondìlí a pátek)
26107;Depo Pøíbram 70;279;Planá 7, 26256, Kluèenice;1098624.96;764956.55;Planá - náves za è.p. 7;;;;9:20;1-5 - pracovní dny (pondìlí a pátek)
26107;Depo Pøíbram 70;280;Koubalova Lhota 28, 26256, Kluèenice;1097552;765674.75;Koubalova Lhota - náves za è.p. 28;;;;9:30;1-5 - pracovní dny (pondìlí a pátek)
26107;Depo Pøíbram 70;281;Klenovice 3, 26256, Milešov;1096623.75;766133.5;Klenovice - náves za è.p. 3;;;;9:35;1-5 - pracovní dny (pondìlí a pátek)
26107;Depo Pøíbram 70;282;è.p. 46, 26256, Milešov;1094679.31;765541.3;Høebeny u è.p 46;;;;9:30;1-5 - pracovní dny (pondìlí a pátek)
26107;Depo Pøíbram 70;283;Pøední Chlum 11, 26256, Milešov;1093839.66;766367.58;Pøední Chlum - è.p. 11;;;;9:45;1-5 - pracovní dny (pondìlí a pátek)
26107;Depo Pøíbram 70;284;Podmoky 1, 26256, Krásná Hora nad Vltavou;1095380;763657;Podmoky - náves u è.p. 1;;;;9:00;1-5 - pracovní dny (pondìlí a pátek)
26107;Depo Pøíbram 70;285;Hostovnice 18, 26256, Krásná Hora nad Vltavou;1095912.06;758852.12;Hostovnice - náves za è.p 18;;;;11:50;1-5 - pracovní dny (pondìlí a pátek)
26107;Depo Pøíbram 70;286;Vrbice 3, 26256, Krásná Hora nad Vltavou;1096974.53;760600.04;Vrbice - náves za è.p 3;;;;12:00;1-5 - pracovní dny (pondìlí a pátek)
26107;Depo Pøíbram 70;287;Mokøice 6, 26256, Krásná Hora nad Vltavou;1098089.3;760638.79;Mokøice - náves u è.p. 6;;;;12:10;1-5 - pracovní dny (pondìlí a pátek)
26107;Depo Pøíbram 70;288;Krašovice 8, 26256, Krásná Hora nad Vltavou;1097294.67;758940.98;Krašovice - náves u è.p 8;;;;12:20;1-5 - pracovní dny (pondìlí a pátek)
26107;Depo Pøíbram 70;289;Kosobudy 6, 26256, Kluèenice;1097328.83;763591.25;Kosobudy - náves za è.p 6;;;;9:25;1-5 - pracovní dny (pondìlí a pátek)
26107;Depo Pøíbram 70;290;Zhoø 4, 26256, Krásná Hora nad Vltavou;1093128.18;761701.69;Zhoø pøed è.p 4;;;;13:30;1-5 - pracovní dny (pondìlí a pátek)
26107;Depo Pøíbram 70;291;Øadovy 14, 26256, Svatı Jan;1091865.32;760159.4;Øadovy pøed è.p 14;;;;11:00;1-5 - pracovní dny (pondìlí a pátek)
26107;Depo Pøíbram 70;292;Skrıšov 1, 26256, Svatı Jan;1090298.1;758100.31;Skrıšov za è.p 1;;;;11:30;1-5 - pracovní dny (pondìlí a pátek)
26107;Depo Pøíbram 70;293;è.p. 21, 26256, Svatı Jan;1091504.87;757264.19;Svatı Jan za è.p 21;;;;11:00;1-5 - pracovní dny (pondìlí a pátek)
26107;Depo Pøíbram 70;294;Brzina 2, 26256, Svatı Jan;1091636.31;758548.63;Brzina za è.p 2;;;;12:00;1-5 - pracovní dny (pondìlí a pátek)
26107;Depo Pøíbram 70;295;Plešištì 19, 26256, Krásná Hora nad Vltavou;1093089.2;757652.2;Smrèí za è.p. 32;;;;12:15;1-5 - pracovní dny (pondìlí a pátek)
26107;Depo Pøíbram 70;296;Hojšín 7, 26256, Svatı Jan;1089222.77;760241.54;Hojšín za è.p. 7;;;;10:00;1-5 - pracovní dny (pondìlí a pátek)
26107;Depo Pøíbram 70;297;Hrachov 59, 26256, Svatı Jan;1086922.44;758583.24;Zrùbek za è.p. 75;;;;10:20;1-5 - pracovní dny (pondìlí a pátek)
26107;Depo Pøíbram 70;298;Hrachov 15, 26256, Svatı Jan;1088345.83;758264.45;Hrachov za è.p. 15;;;;10:30;1-5 - pracovní dny (pondìlí a pátek)
26107;Depo Pøíbram 70;299;Vletice 13, 26256, Krásná Hora nad Vltavou;1095418.57;758074.96;Vletice za è.p. 13;;;;13:00;1-5 - pracovní dny (pondìlí a pátek)
26107;Depo Pøíbram 70;300;Braná 19, 26256, Svatı Jan;1092352.21;758608.1;Braná za è.p. 19;;;;12:30;1-5 - pracovní dny (pondìlí a pátek)
26107;Depo Pøíbram 70;301;Klenovice 42, 26256, Milešov;1096699.75;768233.75;Trhovky - na køiovatce za è.p. 42;;;;10:15;1-5 - pracovní dny (pondìlí a pátek)
26107;Depo Pøíbram 70;302;è.p. 42, 26256, Svatı Jan;1091471.26;757630.55;Rovištì za è.p. 50;;;;10:00;1-5 - pracovní dny (pondìlí a pátek)
26107;Depo Pøíbram 70;303;Drákov 33, 26256, Svatı Jan;1089806.88;759010.99;Drákov - zastávku u OÚ Drakov 33;;;;11:00;1-5 - pracovní dny (pondìlí a pátek)
26107;Depo Pøíbram 70;304;è.p. 73, 26256, Milešov;1095979.25;764599.69;Milešov nad Vlt.- budova pošty;;;;11:30;1-5 - pracovní dny (pondìlí a pátek)
26107;Depo Pøíbram 70;305;è.p. 77, 26256, Kluèenice;1099689.63;765939.5;Kluèenice - budova pošty;;;;10:00;1-5 - pracovní dny (pondìlí a pátek)
26107;Depo Pøíbram 70;307;è.p. 61, 26256, Milešov;1095817.18;764780.49;Popelíky è.p.49;;;;9:30;1-5 - pracovní dny (pondìlí a pátek)
26107;Depo Pøíbram 70;308;è.p. 140, 26255, Petrovice;1100810;757073.88;Petrovice u sídlištì èp.140;;;;9:30;1-5 - pracovní dny (pondìlí a pátek)
26107;Depo Pøíbram 70;309;Vitín 6, 26255, Poèepice;1097431.13;754633.56;Vitín u èp. 6;;;;9:00;1-5 - pracovní dny (pondìlí a pátek)
26107;Depo Pøíbram 70;310;Skuhrov 11, 26255, Poèepice;1097433.38;752193.38;Skuhrov u è.p. 1;;;;9:05;1-5 - pracovní dny (pondìlí a pátek)
26107;Depo Pøíbram 70;311;Skoupı 14, 26255, Petrovice;1098498.38;755978.81;Skoupı naproti èp.14;;;;9:30;1-5 - pracovní dny (pondìlí a pátek)
26107;Depo Pøíbram 70;312;Zahrádka 7, 26255, Petrovice;1100683.13;759601.88;Zahrádka naproti è.p. 7;;;;9:50;1-5 - pracovní dny (pondìlí a pátek)
26107;Depo Pøíbram 70;313;Radešín 3, 26255, Petrovice;1098927.06;759783.47;Radešín u èp. 3;;;;10:00;1-5 - pracovní dny (pondìlí a pátek)
26107;Depo Pøíbram 70;314;Kuní 7, 26255, Petrovice;1099024.77;758049.09;Kuní naproti èp.7;;;;10:15;1-5 - pracovní dny (pondìlí a pátek)
26107;Depo Pøíbram 70;315;Tınèany 7, 26255, Petrovice;1097697.25;756850.25;Tınèany u èp. 7;;;;10:45;1-5 - pracovní dny (pondìlí a pátek)
26107;Depo Pøíbram 70;316;Mezihoøí 10, 26255, Petrovice;1096431.5;757218.31;Mezihoøí u è.p. 10;;;;11:25;1-5 - pracovní dny (pondìlí a pátek)
26107;Depo Pøíbram 70;317;Vilasova Lhota 10, 26255, Petrovice;1100754.63;755785.06;Vilasova Lhota - u èp. 10;;;;11:00;1-5 - pracovní dny (pondìlí a pátek)
26107;Depo Pøíbram 70;318;emlièkova Lhota 8, 26255, Petrovice;1100169.75;754563.31;emlièkova Lhota u èp. 8;;;;11:00;1-5 - pracovní dny (pondìlí a pátek)
26107;Depo Pøíbram 70;319;Obdìnice 8, 26255, Petrovice;1101753;754206;Obdìnice u èp. 8;;;;12:00;1-5 - pracovní dny (pondìlí a pátek)
26107;Depo Pøíbram 70;320;Porešín 6, 26255, Petrovice;1102883;755182;Porešín mezi èp. 06 a 10;;;;12:00;1-5 - pracovní dny (pondìlí a pátek)
26107;Depo Pøíbram 70;321;Kojetín 18, 26255, Petrovice;1102231;756353.63;Kojetín naproti èp. 18;;;;12:00;1-5 - pracovní dny (pondìlí a pátek)
26107;Depo Pøíbram 70;322;è.p. 60, 26255, Poèepice;1096790.88;753091.94;Poèepice u èp. 60 - budova pošty;;;;10:00;1-5 - pracovní dny (pondìlí a pátek)
26107;Depo Pøíbram 70;323;Slavíkova 133, 26223, Jince;1071296.3;778998.86;Jince èp.133;;;;10:00;1-5 - pracovní dny (pondìlí a pátek)
26107;Depo Pøíbram 70;324;Eškova 38, 26223, Jince;1071120.64;778833.21;Jince - U kina 38;;;;11:00;1-5 - pracovní dny (pondìlí a pátek)
26107;Depo Pøíbram 70;325;è.p. 102, 26223, Jince;1072312.63;778392.84;Jince nádraí ÈSD 102;;;;9:00;1-5 - pracovní dny (pondìlí a pátek)
26107;Depo Pøíbram 70;326;Slavíkova 240, 26223, Jince;1071780.3;778892.33;Jince,køiovatka u sokolovny è.p.240;;;;11:00;1-5 - pracovní dny (pondìlí a pátek)
26107;Depo Pøíbram 70;327;Zborovská 354, 26223, Jince;1072550.63;778965.75;sídlištì Zborovská Jince è.p.354;;;;10:00;1-5 - pracovní dny (pondìlí a pátek)
26107;Depo Pøíbram 70;328;è.p. 27, 26223, Ohrazenice;1072082.35;780717.54;Ohrazenice - V luhu è.p.27;;;;8:00;1-5 - pracovní dny (pondìlí a pátek)
26107;Depo Pøíbram 70;329;è.p. 87, 26223, Ohrazenice;1071497.49;780328.74;Ohrazenice - OÚ è.p.87;;;;8:00;1-5 - pracovní dny (pondìlí a pátek)
26107;Depo Pøíbram 70;330;è.p. 12, 26223, Køešín;1069908.88;781071.56;Køešín - obchod è.p.12;;;;9:00;1-5 - pracovní dny (pondìlí a pátek)
26107;Depo Pøíbram 70;331;Rejkovice 36, 26223, Jince;1069114.26;779231.62;Rejkovice è.p.36;;;;9:30;1-5 - pracovní dny (pondìlí a pátek)
26107;Depo Pøíbram 70;332;Bìøín 19, 26223, Jince;1071654.38;778128.31;Bìøín 19;;;;10:00;1-5 - pracovní dny (pondìlí a pátek)
26107;Depo Pøíbram 70;333;Dominikální Paseky 71, 26223, Bratkovice;1075673.9;778319.65;Dominikální Paseky è.p.71;;;;10:00;1-5 - pracovní dny (pondìlí a pátek)
26107;Depo Pøíbram 70;334;è.p. 41, 26223, Bratkovice;1076804.6;777872.29;Bratkovice è.p. 41, U Kafkù;;;;10:00;1-5 - pracovní dny (pondìlí a pátek)
26107;Depo Pøíbram 70;335;è.p. 69, 26223, Kotenèice;1078436.19;771580.04;Kotenèice - u obchodu è.p. E34;;;;10:00;1-5 - pracovní dny (pondìlí a pátek)
26107;Depo Pøíbram 70;336;è.p. 137, 26223, Buková u Pøíbramì;1076483;772940;Buková - u obchodu è.p.137;;;;10:00;1-5 - pracovní dny (pondìlí a pátek)
26107;Depo Pøíbram 70;337;è.p. 59, 26223, Èenkov;1072936.71;777483.52;Èenkov - budova závodu è.p.59;;;;9:30;1-5 - pracovní dny (pondìlí a pátek)
26107;Depo Pøíbram 70;338;è.p. 55, 26223, Èenkov;1073427;777219;Èenkov, budova pošty;;;;10:30;1-5 - pracovní dny (pondìlí a pátek)
26107;Depo Pøíbram 70;339;Sídlištì 422, 26203, Novı Knín;1075017;756592.17;sídlištì - stojan è.p. 422,Novı Knín;;;;9:00;1-5 - pracovní dny (pondìlí a pátek)
26107;Depo Pøíbram 70;340;Sudovice 57, 26203, Novı Knín;1075022;755398.5;Sudovice - poární zbrojnice è.p.57;;;;9:00;1-5 - pracovní dny (pondìlí a pátek)
26107;Depo Pøíbram 70;341;Libèice 17, 26203, Novı Knín;1078573.23;755890.64;Libèice - poární zbrojnice;;;;9:40;1-5 - pracovní dny (pondìlí a pátek)
26107;Depo Pøíbram 70;342;Prostøední Lhota 35, 26203, Chotilsko;1079010;753661.5;Prostøední Lhota - obchod è.p.35;;;;10:50;1-5 - pracovní dny (pondìlí a pátek)
26107;Depo Pøíbram 70;343;Mokrsko 11, 26203, Chotilsko;1079938.88;754120.31;Mokrsko - zast.ÈSAD è.p.11;;;;10:40;1-5 - pracovní dny (pondìlí a pátek)
26107;Depo Pøíbram 70;344;Sejcká Lhota 8, 26203, Chotilsko;1079225.26;752060.02;Sejcká Lhota - zbrojnice è.p.8;;;;11:10;1-5 - pracovní dny (pondìlí a pátek)
26107;Depo Pøíbram 70;345;Záborná Lhota 34, 26203, Chotilsko;1077031.65;754758.59;Záborná Lhota - obchod è.p.34;;;;9:00;1-5 - pracovní dny (pondìlí a pátek)
26107;Depo Pøíbram 70;346;è.p. 114, 26203, Malá Hraštice;1072536;757150.25;Malá Hraštice - obchod è.p.114;;;;10:00;1-5 - pracovní dny (pondìlí a pátek)
26107;Depo Pøíbram 70;347;Velká Hraštice 12, 26203, Malá Hraštice;1072833.75;756963.44;Velká Hraštice - náves è.p.12;;;;8:30;1-5 - pracovní dny (pondìlí a pátek)
26107;Depo Pøíbram 70;348;è.p. 16, 26203, Mokrovraty;1073341.88;759011.75;Kaplièka, Mokrovraty è.p.16;;;;10:30;1-5 - pracovní dny (pondìlí a pátek)
26107;Depo Pøíbram 70;349;è.p. 93, 26203, Mokrovraty;1073408.25;759618.31;Mokrovraty - obchod è.p.93;;;;11:45;1-5 - pracovní dny (pondìlí a pátek)
26107;Depo Pøíbram 70;350;è.p. 60, 26203, Mokrovraty;1073246.25;760383.44;Mokrovraty - nádraí è.p.60;;;;11:00;1-5 - pracovní dny (pondìlí a pátek)
26107;Depo Pøíbram 70;351;Pouštì 9, 26203, Mokrovraty;1074286.63;760010;Pouštì - po.zbrojnice è.p.9;;;;11:30;1-5 - pracovní dny (pondìlí a pátek)
26107;Depo Pøíbram 70;352;Kozí Hory 19, 26203, Novı Knín;1075894.75;758539.94;Kozí Hory náves è.p.19;;;;9:00;1-5 - pracovní dny (pondìlí a pátek)
26107;Depo Pøíbram 70;353;Chramištì 13, 26203, Novı Knín;1077085;758150;Chramištì - náves è.p.13;;;;9:00;1-5 - pracovní dny (pondìlí a pátek)
26107;Depo Pøíbram 70;354;Kozí Hory 26, 26203, Novı Knín;1076709.88;758859.63;Kozí Hory - è.p.26;;;;9:00;1-5 - pracovní dny (pondìlí a pátek)
26107;Depo Pøíbram 70;355;Malá Leèice 11, 26203, Bojanovice;1071335.88;752991.88;Malá Leèice - prodejna è.p.11;;;;8:45;1-5 - pracovní dny (pondìlí a pátek)
26107;Depo Pøíbram 70;356;Senešnice 2, 26205, Bojanovice;1069913;754770;obchod Senešnice è.p.2;;;;9:00;1-5 - pracovní dny (pondìlí a pátek)
26107;Depo Pøíbram 70;357;Draetice 8, 26203, Borotice;1079505.5;756971.38;Draetice - zast.ÈSAD è.p.8;;;;9:00;1-5 - pracovní dny (pondìlí a pátek)
26107;Depo Pøíbram 70;358;Cholín E57, 26215, Borotice;1082627.63;754853.13;Cholín - u hotelu è.p.57;;;;10:10;1-5 - pracovní dny (pondìlí a pátek)
26107;Depo Pøíbram 70;359;Èelina 6, 26203, Borotice;1081175.18;755030.9;Èelina - zast.ÈSAD è.p.6;;;;10:30;1-5 - pracovní dny (pondìlí a pátek)
26107;Depo Pøíbram 70;360;è.p. 7, 26203, Chotilsko;1077339.63;752568.69;Chotilsko èp.6 OÚ;;;;8:45;1-5 - pracovní dny (pondìlí a pátek)
26107;Depo Pøíbram 70;361;Hnìvšín 3, 26203, Chotilsko;1079423.13;750443.25;Hnìvšín èp.7;;;;11:25;1-5 - pracovní dny (pondìlí a pátek)
26107;Depo Pøíbram 70;362;ivohoš E6, 25756, Køeèovice;1080160.5;748142.56;ivohoš - veø.táboøištì è.p.6;;;;11:35;1-5 - pracovní dny (pondìlí a pátek)
26107;Depo Pøíbram 70;363;Køenièná 12, 26203, Chotilsko;1078178.5;749862.25;náves, Køenièná  è.p.12;;;;11:50;1-5 - pracovní dny (pondìlí a pátek)
26107;Depo Pøíbram 70;364;è.p. 16, 26203, Èím;1076607.38;750672.75;Èím . OÚ è.p.16;;;;8:00;1-5 - pracovní dny (pondìlí a pátek)
26107;Depo Pøíbram 70;365;Køíov 9, 26203, Korkynì;1075221.5;752263.94;Køíov po.zbrojnice è.p.9;;;;12:00;1-5 - pracovní dny (pondìlí a pátek)
26107;Depo Pøíbram 70;366;Krámy 3, 26203, Nové Dvory;1073892.75;753109.56;Krámy - zast.ÈSAD è.p.3;;;;12:20;1-5 - pracovní dny (pondìlí a pátek)
26107;Depo Pøíbram 70;367;è.p. 11, 26203, Nové Dvory;1073690.88;751706.44;Nové Dvory - Jednota è.p.11;;;;12:35;1-5 - pracovní dny (pondìlí a pátek)
26107;Depo Pøíbram 70;368;è.p. 47, 26203, Nové Dvory;1073026.88;750797.56;Porostliny èp.47;;;;13:00;1-5 - pracovní dny (pondìlí a pátek)
26107;Depo Pøíbram 70;369;è.p. 45, 26205, Velká Leèice;1072112.38;754013;Velká Leèice èp.45;;;;8:30;1-5 - pracovní dny (pondìlí a pátek)
26107;Depo Pøíbram 70;370;è.p. 75, 26205, Velká Leèice;1072527.63;754264.13;Velká Leèice è.p.75;;;;9:00;1-5 - pracovní dny (pondìlí a pátek)
26107;Depo Pøíbram 70;371;è.p. 24, 26206, Korkynì;1076157.13;752489.25;Korkynì è.p 24;;;;9:30;1-5 - pracovní dny (pondìlí a pátek)
26107;Depo Pøíbram 70;372;è.p. 3, 26205, Velká Leèice;1072233.38;753916.06;Velká Leèice;;;;9:00;1-5 - pracovní dny (pondìlí a pátek)
26107;Depo Pøíbram 70;373;Poštovní 28, Pøíbram V-Zdaboø, 26101, Pøíbram;1084713.63;779953.75;Poštovní 28, pošta Pøíbram 4;;;;13:00;1-5 - pracovní dny (pondìlí a pátek)
26107;Depo Pøíbram 70;374;Budovatelù 137, Pøíbram VIII, 26101, Pøíbram;1084161.13;779458.75;Èechovská 137, Pøíbram 5;;;;13:00;1-5 - pracovní dny (pondìlí a pátek)
26107;Depo Pøíbram 70;375;U Školy 187, 26202, Stará Hu;1074472.13;763315.13;pošta Stará Hu u Dobøíše;;;;8:30;1-5 - pracovní dny (pondìlí a pátek)
26107;Depo Pøíbram 70;376;Masarykova tøída 125, 26204, Nová Ves pod Pleší;1069835;757081;Budova pošty Nová Ves pod Pleší;;;;9:00;1-5 - pracovní dny (pondìlí a pátek)
26107;Depo Pøíbram 70;377;è.p. 60, 26211, Rosovice;1076318;770120.81;pošta, Rosovice;;;;9:00;1-5 - pracovní dny (pondìlí a pátek)
26107;Depo Pøíbram 70;378;è.p. 45, 26212, Oboøištì;1078398.88;767299.44;pošta Oboøištì;;;;9:00;1-5 - pracovní dny (pondìlí a pátek)
26107;Depo Pøíbram 70;379;è.p. 3, 26213, Neèín;1084019.5;762030.63;pošta Neèín;;;;9:00;1-5 - pracovní dny (pondìlí a pátek)
26107;Depo Pøíbram 70;380;è.p. 68, 26214, Høimìdice;1085670.94;759437.01;budova pošty Høímìdice è.p. 68;;;;9:00;1-5 - pracovní dny (pondìlí a pátek)
26107;Depo Pøíbram 70;381;è.p. 31, 26215, Borotice;1080456.88;758419.88;pošta Borotice;;;;8:00;1-5 - pracovní dny (pondìlí a pátek)
26107;Depo Pøíbram 70;382;è.p. 159, 26221, Obecnice;1079154.38;782132.63;pošta Obecnice;;;;10:00;1-5 - pracovní dny (pondìlí a pátek)
26107;Depo Pøíbram 70;383;è.p. 3, 26222, Hluboš;1076594.38;776613.63;pošta Hluboš;;;;10:00;1-5 - pracovní dny (pondìlí a pátek)
26107;Depo Pøíbram 70;384;è.p. 154, 26225, Pièín;1077229.13;773903.31;pošta Pièín;;;;10:00;1-5 - pracovní dny (pondìlí a pátek)
26107;Depo Pøíbram 70;385;è.p. 101, 26232, Peèice;1093514;772775;pošta Peèice;;;;9:00;1-5 - pracovní dny (pondìlí a pátek)
26107;Depo Pøíbram 70;387;è.p. 21, 26263, Smolotely;1091549.13;770246.75;pošta, Smolotely;;;;9:00;1-5 - pracovní dny (pondìlí a pátek)
26107;Depo Pøíbram 70;388;è.p. 131, 26241, Bohutín;1085892;783534.5;è.p. 131, pošta Bohuín;;;;10:00;1-5 - pracovní dny (pondìlí a pátek)
26107;Depo Pøíbram 70;389;è.p. 3, 26243, Vìšín;1089093.22;792623.84;pošta Vìšín;;;;8:00;1-5 - pracovní dny (pondìlí a pátek)
26107;Depo Pøíbram 70;390;è.p. 82, 26244, Hvoïany;1098410.5;795434.94;pošta Hvoïany;;;;11:00;1-5 - pracovní dny (pondìlí a pátek)
26107;Depo Pøíbram 70;391;è.p. 108, 26251, Dublovice;1088228.38;753390;budova pošty Dublovice 108;;;;10:00;1-5 - pracovní dny (pondìlí a pátek)
26107;Depo Pøíbram 70;392;è.p. 72, 26252, Vysokı Chlumec;1094350.88;752219.94;pošta Vysokı Chlumec;;;;10:05;1-5 - pracovní dny (pondìlí a pátek)
26107;Depo Pøíbram 70;393;è.p. 62, 26401, Nechvalice;1099206;752428;pošta Nechvalice;;;;10:00;1-5 - pracovní dny (pondìlí a pátek)
26107;Depo Pøíbram 70;394;è.p. 26, 26256, Krásná Hora nad Vltavou;1094748.94;760397.28;Budova pošty Krásná Hora nad Vltavou;;;;8:00;1-5 - pracovní dny (pondìlí a pátek)
26107;Depo Pøíbram 70;395;è.p. 153, 26261, Višòová;1082516.88;768358.88;pošta Višòová u Pøíbramì;;;;10:00;1-5 - pracovní dny (pondìlí a pátek)
26107;Depo Pøíbram 70;396;è.p. 55, 26262, Dolní Hbity;1088032.13;767066.69;pošta Dolní Hbity;;;;9:00;1-5 - pracovní dny (pondìlí a pátek)
26107;Depo Pøíbram 70;398;è.p. 11, 26281, Tochovice;1092508.84;781232.99;pošta Tochovice;;;;10:00;1-5 - pracovní dny (pondìlí a pátek)
26107;Depo Pøíbram 70;399;è.p. 26, 26272, Starosedlskı Hrádek;1095175.14;780159.98;pošta Starosedlskı Hrádek;;;;10:00;1-5 - pracovní dny (pondìlí a pátek)
26107;Depo Pøíbram 70;400;è.p. 40, 26272, Chraštice;1095867.38;775477.75;pošta Chraštice;;;;9:00;1-5 - pracovní dny (pondìlí a pátek)
26107;Depo Pøíbram 70;401;è.p. 30, 26284, Zaluany;1099780.38;775116.13;pošta Zaluany;;;;9:00;1-5 - pracovní dny (pondìlí a pátek)
26107;Depo Pøíbram 70;402;è.p. 87, 26285, Drahenice;1101034.76;784517.74;pošta Drahenice;;;;9:00;1-5 - pracovní dny (pondìlí a pátek)
26107;Depo Pøíbram 70;403;è.p. 45, 26291, Kosova Hora;1091236.75;745761.44;Kosova Hora budova pošty è.p.45;;;;12:00;1-5 - pracovní dny (pondìlí a pátek)
26107;Depo Pøíbram 70;404;Chlum 21, 26293, Nalovice;1085413.36;751697.63;pošta Nalovice;;;;12:00;1-5 - pracovní dny (pondìlí a pátek)
26107;Depo Pøíbram 70;405;è.p. 26, 26401, Jesenice;1096432.25;746007.31;pošta Jesenice u Sedlèan;;;;9:00;1-5 - pracovní dny (pondìlí a pátek)
26107;Depo Pøíbram 70;406;Gen. R. Tesaøíka 179, Pøíbram I, 26101, Pøíbram;1082711;778128.44;Gen. R. Tesaøíka 179, pošta Pøíbram;;;;13:00;1-5 - pracovní dny (pondìlí a pátek)
26107;Depo Pøíbram 70;407;námìstí Jiøího z Podìbrad 2, 26203, Novı Knín;1074774;756522.5;pošta Novı Knín;;;;13:00;1-5 - pracovní dny (pondìlí a pátek)
26107;Depo Pøíbram 70;408;Slavíkova 4, 26223, Jince;1071605.5;778931.13;pošta Jince;;;;13:00;1-5 - pracovní dny (pondìlí a pátek)
26107;Depo Pøíbram 70;409;Václavská 261, 26231, Milín;1089336.13;776672.19;pošta  Milín;;;;11:00;1-5 - pracovní dny (pondìlí a pátek)
26107;Depo Pøíbram 70;410;Námìstí 24, 26242, Romitál pod Tøemšínem;1090743.5;790080.88;pošta Romitál pod Tøemšínem;;;;13:00;1-5 - pracovní dny (pondìlí a pátek)
26107;Depo Pøíbram 70;411;è.p. 64, 26255, Petrovice;1100930.5;756917.13;budova pošty èp. 64;;;;13:00;1-5 - pracovní dny (pondìlí a pátek)
26107;Depo Pøíbram 70;412;è.p. 182, 26263, Kamık nad Vltavou;1090694.38;761646.81;budova pošty, è.p.182;;;;13:00;1-5 - pracovní dny (pondìlí a pátek)
26107;Depo Pøíbram 70;413;Romitálská 21, 26272, Bøeznice;1096642;784639.19;pošta Bøeznice;;;;13:00;1-5 - pracovní dny (pondìlí a pátek)
26107;Depo Pøíbram 70;414;námìstí Komenského 536, 26301, Dobøíš;1074344.63;765187.63;pošta Dobøíš;;;;10:00;1-5 - pracovní dny (pondìlí a pátek)
26107;Depo Pøíbram 70;415;Nádraní 106, 26401, Sedlèany;1090483;748853.19;budova pošty;;;;12:00;1-5 - pracovní dny (pondìlí a pátek)
26107;Depo Pøíbram 70;416;tøída Osvobození 305, Pøíbram VII, 26101, Pøíbram;1083784.13;779290.69;pošta Pøíbram 2 - Sídlištì;;;;13:00;1-5 - pracovní dny (pondìlí a pátek)
