psc;zkrnaz_posty;cis_schranky;adresa;sour_x;sour_y;misto_popis;cast_obce;obec;okres;cas;omezeni
10003;Depo Praha 701;4;;;;Raická;Cholupice;Praha;Hl. mìsto Praha;16:00;1-5 - pracovní dny (pondìlí a pátek)
10003;Depo Praha 701;5;;;;nám. J.Pecáka -Toèná;Toèná;Praha;Hl. mìsto Praha;16:00;1-5 - pracovní dny (pondìlí a pátek)
10003;Depo Praha 701;32;;;;Za Zahradami;Dolní Mìcholupy;Praha;Hl. mìsto Praha;16:00;1-5 - pracovní dny (pondìlí a pátek)
10003;Depo Praha 701;33;;;;Hotel Opatov U høbitova;Chodov;Praha;Hl. mìsto Praha;16:00;1-5 - pracovní dny (pondìlí a pátek)
10003;Depo Praha 701;34;;;;U Olšièek;Toèná;Praha;Hl. mìsto Praha;16:00;1-5 - pracovní dny (pondìlí a pátek)
10003;Depo Praha 701;36;;;;Mìcholupská - obchod;Štìrboholy;Praha;Hl. mìsto Praha;16:00;1-5 - pracovní dny (pondìlí a pátek)
10003;Depo Praha 701;37;;;;Štìrboholy - obchod;Štìrboholy;Praha;Hl. mìsto Praha;16:00;1-5 - pracovní dny (pondìlí a pátek)
10003;Depo Praha 701;38;;;;Novoštìrboholská - køiovatka;Štìrboholy;Praha;Hl. mìsto Praha;16:00;1-5 - pracovní dny (pondìlí a pátek)
10003;Depo Praha 701;52;;;;Nedvìzí;Nedvìzí u Øíèan;Praha;Hl. mìsto Praha;16:00;1-5 - pracovní dny (pondìlí a pátek)
10003;Depo Praha 701;66;;;;Do Újezda, Praha 112;Bìchovice;Praha;Hl. mìsto Praha;16:00;1-5 - pracovní dny (pondìlí a pátek)
10003;Depo Praha 701;218;;;;Milevská;Krè;Praha;Hl. mìsto Praha;16:00;1-5 - pracovní dny (pondìlí a pátek)
10003;Depo Praha 701;256;;;;Pod Klaudiánkou;Podolí;Praha;Hl. mìsto Praha;16:00;1-5 - pracovní dny (pondìlí a pátek)
10003;Depo Praha 701;269;;;;Thom.nem. uvnitø;Krè;Praha;Hl. mìsto Praha;16:00;1-5 - pracovní dny (pondìlí a pátek)
10003;Depo Praha 701;270;;;;Thom.nem. ústav;Krè;Praha;Hl. mìsto Praha;16:00;1-5 - pracovní dny (pondìlí a pátek)
10003;Depo Praha 701;271;;;;Thom.nem. venku;Krè;Praha;Hl. mìsto Praha;16:00;1-5 - pracovní dny (pondìlí a pátek)
10003;Depo Praha 701;278;;;;Novodvorská;Kamık;Praha;Hl. mìsto Praha;16:00;1-5 - pracovní dny (pondìlí a pátek)
10003;Depo Praha 701;284;;;;Budìjovická;Krè;Praha;Hl. mìsto Praha;16:00;1-5 - pracovní dny (pondìlí a pátek)
10003;Depo Praha 701;295;;;;Durychova - Otradovická;Kamık;Praha;Hl. mìsto Praha;16:00;1-5 - pracovní dny (pondìlí a pátek)
10003;Depo Praha 701;296;;;;Novodvor. -Smotlachova;Libuš;Praha;Hl. mìsto Praha;16:00;1-5 - pracovní dny (pondìlí a pátek)
10003;Depo Praha 701;297;;;;Novodvor. - Obzor;Libuš;Praha;Hl. mìsto Praha;16:00;1-5 - pracovní dny (pondìlí a pátek)
10003;Depo Praha 701;299;;;;Libušská-Vıletní;Písnice;Praha;Hl. mìsto Praha;16:00;1-5 - pracovní dny (pondìlí a pátek)
10003;Depo Praha 701;302;;;;Kolarovova _ Zimova;Kamık;Praha;Hl. mìsto Praha;16:00;1-5 - pracovní dny (pondìlí a pátek)
10003;Depo Praha 701;303;;;;Levského- Vazovova;Modøany;Praha;Hl. mìsto Praha;16:00;1-5 - pracovní dny (pondìlí a pátek)
10003;Depo Praha 701;304;;;;Generála Šišky;Modøany;Praha;Hl. mìsto Praha;16:00;1-5 - pracovní dny (pondìlí a pátek)
10003;Depo Praha 701;305;;;;Poljanovova;Modøany;Praha;Hl. mìsto Praha;16:00;1-5 - pracovní dny (pondìlí a pátek)
10003;Depo Praha 701;306;;;;Kolarovova - J:Jovkova;Modøany;Praha;Hl. mìsto Praha;16:00;1-5 - pracovní dny (pondìlí a pátek)
10003;Depo Praha 701;324;;;;Ès.exilu;Modøany;Praha;Hl. mìsto Praha;16:00;1-5 - pracovní dny (pondìlí a pátek)
10003;Depo Praha 701;339;;;;Na Vıspì;Hodkovièky;Praha;Hl. mìsto Praha;16:00;1-5 - pracovní dny (pondìlí a pátek)
10003;Depo Praha 701;359;;;;Boèní II - Roztyl.sady;Zábìhlice;Praha;Hl. mìsto Praha;16:00;1-5 - pracovní dny (pondìlí a pátek)
10003;Depo Praha 701;362;;;;Na Chodov.-Støím.;Zábìhlice;Praha;Hl. mìsto Praha;16:00;1-5 - pracovní dny (pondìlí a pátek)
10003;Depo Praha 701;368;;;;Roztyly- metro;Chodov;Praha;Hl. mìsto Praha;16:00;1-5 - pracovní dny (pondìlí a pátek)
10003;Depo Praha 701;378;;;;U Kunratického lesa PORS;Kunratice;Praha;Hl. mìsto Praha;16:00;1-5 - pracovní dny (pondìlí a pátek)
10003;Depo Praha 701;382;;;;Chilská;Chodov;Praha;Hl. mìsto Praha;16:00;1-5 - pracovní dny (pondìlí a pátek)
10003;Depo Praha 701;385;;;;Opatovská-Vít;Háje;Praha;Hl. mìsto Praha;16:00;1-5 - pracovní dny (pondìlí a pátek)
10003;Depo Praha 701;394;;;;Vıstavní;Háje;Praha;Hl. mìsto Praha;16:00;1-5 - pracovní dny (pondìlí a pátek)
10003;Depo Praha 701;396;;;;Novomeského;Háje;Praha;Hl. mìsto Praha;16:00;1-5 - pracovní dny (pondìlí a pátek)
10003;Depo Praha 701;397;;;;Hviezdoslavova;Háje;Praha;Hl. mìsto Praha;16:00;1-5 - pracovní dny (pondìlí a pátek)
10003;Depo Praha 701;398;;;;Hviezdoslavova-Vít;Háje;Praha;Hl. mìsto Praha;16:00;1-5 - pracovní dny (pondìlí a pátek)
10003;Depo Praha 701;446;;;;Na Groši;Hostivaø;Praha;Hl. mìsto Praha;16:00;1-5 - pracovní dny (pondìlí a pátek)
10003;Depo Praha 701;458;;;;Weilova - Vltava;Hostivaø;Praha;Hl. mìsto Praha;16:00;1-5 - pracovní dny (pondìlí a pátek)
10003;Depo Praha 701;467;;;;U Plynárny;Michle;Praha;Hl. mìsto Praha;16:00;1-5 - pracovní dny (pondìlí a pátek)
10003;Depo Praha 701;468;;;;Pod Sychrovem I, park;Michle;Praha;Hl. mìsto Praha;16:00;1-5 - pracovní dny (pondìlí a pátek)
10003;Depo Praha 701;479;;;;Francouzská, park;Vršovice;Praha;Hl. mìsto Praha;16:00;1-5 - pracovní dny (pondìlí a pátek)
10003;Depo Praha 701;490;;;;U Vršovického nádraí;Vršovice;Praha;Hl. mìsto Praha;16:00;1-5 - pracovní dny (pondìlí a pátek)
10003;Depo Praha 701;521;;;;Jahodová;Zábìhlice;Praha;Hl. mìsto Praha;16:00;1-5 - pracovní dny (pondìlí a pátek)
10003;Depo Praha 701;536;;;;Euklidova;Petrovice;Praha;Hl. mìsto Praha;16:00;1-5 - pracovní dny (pondìlí a pátek)
10003;Depo Praha 701;1;Sazeèská 598/7, Malešice, 10800, Praha;1044557.63;735997.36;u vrátnice budovy;;;;16:00;1-5 - pracovní dny (pondìlí a pátek)
10003;Depo Praha 701;2;Sazeèská 603/9, Malešice, 10800, Praha;1044656.41;736130.93;Sazeèská 603/9, pošta Praha 025;;;;16:00;1-5 - pracovní dny (pondìlí a pátek)
10003;Depo Praha 701;3;Hornocholupická 954/5, Modøany, 14300, Praha;1052951.93;743887.22;Hornocholupická;;;;16:00;1-5 - pracovní dny (pondìlí a pátek)
10003;Depo Praha 701;6;Úhlavská 197/7, Kunratice, 14800, Praha;1051786.33;739171.68;Úhlavská 7-9;;;;16:00;1-5 - pracovní dny (pondìlí a pátek)
10003;Depo Praha 701;7;K Zelenım domkùm 415, Kunratice, 14800, Praha;1051566.28;739939.85;K Zelenım domkùm 415;;;;16:00;1-5 - pracovní dny (pondìlí a pátek)
10003;Depo Praha 701;8;Do Øíèan 440, Bìchovice, 19011, Praha;1045790.44;730029.65;Do Øíèan - potraviny, Praha 112;;;;16:00;1-5 - pracovní dny (pondìlí a pátek)
10003;Depo Praha 701;9;Petırkova 1952/22, Chodov, 14800, Praha;1049917.35;739017.39;Petırkova 1952/22, Praha 414;;;;8:00;1-5 - pracovní dny (pondìlí a pátek)
10003;Depo Praha 701;10;Vídeòská 405, Kunratice, 14800, Praha;1052382;739840;Vídeòská;;;;16:00;1-5 - pracovní dny (pondìlí a pátek)
10003;Depo Praha 701;11;K Hrnèíøùm 21, Šeberov, 14900, Praha;1051617;737503;K Hrnèíøùm 21;;;;16:00;1-5 - pracovní dny (pondìlí a pátek)
10003;Depo Praha 701;12;K Hrnèíøùm 24, Šeberov, 14900, Praha;1051774.42;737444.24;K Hrnèíøùm 24;;;;16:00;1-5 - pracovní dny (pondìlí a pátek)
10003;Depo Praha 701;13;K Safinì 639, Šeberov, 14900, Praha;1054055.45;737728.31;K Safinì 639;;;;16:00;1-5 - pracovní dny (pondìlí a pátek)
10003;Depo Praha 701;14;K Šeberovu 506, Šeberov, 14900, Praha;1053715.08;737334.57;K Šeberovu 506;;;;16:00;1-5 - pracovní dny (pondìlí a pátek)
10003;Depo Praha 701;15;Formanská 30, Újezd u Prùhonic, 14900, Praha;1052484.21;735080.95;Újezd u Prùhonic;;;;16:00;1-5 - pracovní dny (pondìlí a pátek)
10003;Depo Praha 701;16;Formanská 208, Újezd u Prùhonic, 14900, Praha;1051334.06;736754.53;Formanská 208;;;;16:00;1-5 - pracovní dny (pondìlí a pátek)
10003;Depo Praha 701;17;Švabinského 252/19, Chodov, 14900, Praha;1049994;738123;Švabinského 1000;;;;16:00;1-5 - pracovní dny (pondìlí a pátek)
10003;Depo Praha 701;18;Starochodovská 755/12, Chodov, 14900, Praha;1050535.18;737739.32;Starochodovská 12;;;;16:00;1-5 - pracovní dny (pondìlí a pátek)
10003;Depo Praha 701;19;Donovalská 2222/31, Chodov, 14900, Praha;1049482.98;737548.11;Donovalská 2222;;;;16:00;1-5 - pracovní dny (pondìlí a pátek)
10003;Depo Praha 701;20;U pramene 429/1, Újezd u Prùhonic, 14900, Praha;1051204.63;736444.13;Vodnická - U Pramene;;;;16:00;1-5 - pracovní dny (pondìlí a pátek)
10003;Depo Praha 701;21;Libušská 232/24, Písnice, 14200, Praha;1054326.55;740845.77;Libušská 68;;;;16:00;1-5 - pracovní dny (pondìlí a pátek)
10003;Depo Praha 701;24;Durychova 972/72, Lhotka, 14200, Praha;1050935;741647.81;Durychova 972/72, pošta Praha 411;;;;16:00;1-5 - pracovní dny (pondìlí a pátek)
10003;Depo Praha 701;25;Hlavní 2459/108, Zábìhlice, 14100, Praha;1048141.63;738716.25;Hlavní, pošta Praha 41;;;;16:00;1-5 - pracovní dny (pondìlí a pátek)
10003;Depo Praha 701;26;K Libuši 7/10, Kunratice, 14800, Praha;1051710.38;739524.56;K Libuši, pošta Praha 44;;;;16:00;1-5 - pracovní dny (pondìlí a pátek)
10003;Depo Praha 701;27;U plynárny 757/6, Michle, 14000, Praha;1046919.94;740958.06;U Plynárny, pošta Praha 45;;;;16:00;1-5 - pracovní dny (pondìlí a pátek)
10003;Depo Praha 701;28;Podjavorinské 1595/1, Chodov, 14900, Praha;1050066;736828;Podjavorinské 1595, pošta Praha 415;;;;16:00;1-5 - pracovní dny (pondìlí a pátek)
10003;Depo Praha 701;30;Opatovská 874/25, Háje, 14900, Praha;1050284.75;735988.44;Opatovská 874/25 pošta Praha 419;;;;16:00;1-5 - pracovní dny (pondìlí a pátek)
10003;Depo Praha 701;35;Mokøanská 3381/14, Strašnice, 10000, Praha;1046017;736469;Mokøanská 7  Rybníèky, Praha 10;;;;16:00;1-5 - pracovní dny (pondìlí a pátek)
10003;Depo Praha 701;39;Dolnomìcholupská 168/37, Dolní Mìcholupy, 11101, Praha;1047502.94;733588;Dolnomìcholupská 168 (MÚ);;;;16:00;1-5 - pracovní dny (pondìlí a pátek)
10003;Depo Praha 701;40;Morseova 251/5, Petrovice, 10900, Praha;1050003.15;733884.17;Morseova 251, (MÚ);;;;16:00;1-5 - pracovní dny (pondìlí a pátek)
10003;Depo Praha 701;41;Starodubeèská 400/16, Dubeè, 10700, Praha;1047466.15;731304.64;Dubeè - samoobsluha;;;;16:00;1-5 - pracovní dny (pondìlí a pátek)
10003;Depo Praha 701;42;Starodubeèská 81/12, Dubeè, 10700, Praha;1047296.7;731098.67;Starodubeèská 81;;;;16:00;1-5 - pracovní dny (pondìlí a pátek)
10003;Depo Praha 701;43;Lipové námìstí 1031/1, Dubeè, 10700, Praha;1048044.98;732061.07;Dubeèek - restaurace;;;;16:00;1-5 - pracovní dny (pondìlí a pátek)
10003;Depo Praha 701;44;Netlucká 661, Dubeè, 10700, Praha;1047455.92;730812.22;Netlucká 661;;;;16:00;1-5 - pracovní dny (pondìlí a pátek)
10003;Depo Praha 701;45;Starodubeèská 401/36, Dubeè, 10700, Praha;1047684.97;731540.94;Starodubeèská - MÚ;;;;16:00;1-5 - pracovní dny (pondìlí a pátek)
10003;Depo Praha 701;46;K poštì 416/3, Kolovraty, 10300, Praha;1053164.5;729236.25;K poštì 416/3, pošta Praha 113;;;;16:00;1-5 - pracovní dny (pondìlí a pátek)
10003;Depo Praha 701;47;Mírová 54/91, Kolovraty, 10300, Praha;1053609.88;729088.74;Mírová 54;;;;16:00;1-5 - pracovní dny (pondìlí a pátek)
10003;Depo Praha 701;48;Mírová 364/34, Kolovraty, 10300, Praha;1053206.1;729615.3;Mírová 365 - MÚ;;;;16:00;1-5 - pracovní dny (pondìlí a pátek)
10003;Depo Praha 701;49;U Vodice 325/9, Kolovraty, 10300, Praha;1052777.81;729793.17;U Vodice 125;;;;16:00;1-5 - pracovní dny (pondìlí a pátek)
10003;Depo Praha 701;50;Do kopeèka 11, Lipany, 10300, Praha;1054636.8;730243.68;Lipany 11;;;;16:00;1-5 - pracovní dny (pondìlí a pátek)
10003;Depo Praha 701;51;V Prutinách 38, Benice, 10300, Praha;1052894.2;730747.55;Benice 39;;;;16:00;1-5 - pracovní dny (pondìlí a pátek)
10003;Depo Praha 701;53;Nové námìstí 1370/11, Uhøínìves, 10400, Praha;1050943;731099;Nové námìstí 1370/11, 104 00, pošta Praha 114;;;;16:00;1-5 - pracovní dny (pondìlí a pátek)
10003;Depo Praha 701;54;U starého nádraí 262/2, Uhøínìves, 10400, Praha;1050550.71;731533.1;U starého nádr. 262;;;;16:00;1-5 - pracovní dny (pondìlí a pátek)
10003;Depo Praha 701;56;Lnáøská 907/12, Uhøínìves, 10400, Praha;1051437;731052.51;blokanda - Lnáøská 907;;;;16:00;1-5 - pracovní dny (pondìlí a pátek)
10003;Depo Praha 701;57;Pstruná 821/2, Uhøínìves, 10400, Praha;1050414.53;732027.65;Jezera 821;;;;16:00;1-5 - pracovní dny (pondìlí a pátek)
10003;Depo Praha 701;58;Pøátelství 158/78, Uhøínìves, 10400, Praha;1051157.56;730831.29;Pøátelství 78;;;;16:00;1-5 - pracovní dny (pondìlí a pátek)
10003;Depo Praha 701;59;K Uhøínìvsi 45, Královice, 10400, Praha;1050560.76;728379.23;Kralovice 116;;;;16:00;1-5 - pracovní dny (pondìlí a pátek)
10003;Depo Praha 701;60;Pod Markétou 8, Hájek u Uhøínìvsi, 10400, Praha;1049044.94;728711.23;Hájek 28;;;;16:00;1-5 - pracovní dny (pondìlí a pátek)
10003;Depo Praha 701;61;Bedlová 88, Pitkovice, 10400, Praha;1051967.13;732463.2;Pitkovice;;;;16:00;1-5 - pracovní dny (pondìlí a pátek)
10003;Depo Praha 701;62;Štychova 2/34, Køeslice, 10400, Praha;1051484;733566;Køeslice - Štychova 2;;;;16:00;1-5 - pracovní dny (pondìlí a pátek)
10003;Depo Praha 701;63;Rájecká 1058, Uhøínìves, 10400, Praha;1051738.51;731209.42;Uhøínìves - Rajecká;;;;16:00;1-5 - pracovní dny (pondìlí a pátek)
10003;Depo Praha 701;64;V Pitkovièkách 11, Pitkovice, 10400, Praha;1051593;732653;V Pitkovièkách - bus 11;;;;16:00;1-5 - pracovní dny (pondìlí a pátek)
10003;Depo Praha 701;65;Èeskobrodská 516, Bìchovice, 19011, Praha;1045600.69;728922.88;Èeskobrodská 516, pošta Praha 911;;;;16:00;1-5 - pracovní dny (pondìlí a pátek)
10003;Depo Praha 701;67;Èeskobrodská 52, Bìchovice, 19011, Praha;1045374.94;730341.41;Èeskobrodská 52 , nádraí Bìchovice;;;;16:00;1-5 - pracovní dny (pondìlí a pátek)
10003;Depo Praha 701;116;Olšanská 38/9, ikov, 13000, Praha;1043807.94;739525.06;pošta Praha 3;;;;16:00;1-5 - pracovní dny (pondìlí a pátek)
10003;Depo Praha 701;117;Olšanská 55/5, ikov, 13000, Praha;1043828.62;739695.13;;;;;16:00;1-5 - pracovní dny (pondìlí a pátek)
10003;Depo Praha 701;118;Olšanská 54/3, ikov, 13000, Praha;1043841.48;739812.46;;;;;16:00;1-5 - pracovní dny (pondìlí a pátek)
10003;Depo Praha 701;119;Jana elivského 1692/14, ikov, 13000, Praha;1043351;739403;;;;;16:00;1-5 - pracovní dny (pondìlí a pátek)
10003;Depo Praha 701;121;Biskupcova 1679/39, ikov, 13000, Praha;1043193.05;739073.84;;;;;16:00;1-5 - pracovní dny (pondìlí a pátek)
10003;Depo Praha 701;122;Ambroova 1852/7, ikov, 13000, Praha;1043318;739176;;;;;16:00;1-5 - pracovní dny (pondìlí a pátek)
10003;Depo Praha 701;125;Konìvova 1627/179, ikov, 13000, Praha;1043037.08;738421.99;;;;;16:00;1-5 - pracovní dny (pondìlí a pátek)
10003;Depo Praha 701;126;Konìvova 93/198, ikov, 13000, Praha;1043118.12;738310.42;;;;;16:00;1-5 - pracovní dny (pondìlí a pátek)
10003;Depo Praha 701;127;Konìvova 2502/250, ikov, 13000, Praha;1043303.23;737367.9;;;;;16:00;1-5 - pracovní dny (pondìlí a pátek)
10003;Depo Praha 701;128;Pod lipami 2603/43, ikov, 13000, Praha;1043368.47;737596.37;;;;;16:00;1-5 - pracovní dny (pondìlí a pátek)
10003;Depo Praha 701;129;Pod lipami 2566/23, ikov, 13000, Praha;1043282.31;737838.63;;;;;16:00;1-5 - pracovní dny (pondìlí a pátek)
10003;Depo Praha 701;130;Šikmá 2341/14, ikov, 13000, Praha;1042948;738227;roh V domovì;;;;16:00;1-5 - pracovní dny (pondìlí a pátek)
10003;Depo Praha 701;131;Na vrcholu 2585/11, ikov, 13000, Praha;1042957.31;737950.69;;;;;16:00;1-5 - pracovní dny (pondìlí a pátek)
10003;Depo Praha 701;132;U knìské louky 2089/11, ikov, 13000, Praha;1042976;737629;;;;;16:00;1-5 - pracovní dny (pondìlí a pátek)
10003;Depo Praha 701;133;Konìvova 2496/223, ikov, 13000, Praha;1043146.19;737735.63;pošta Praha 34;;;;16:00;1-5 - pracovní dny (pondìlí a pátek)
10003;Depo Praha 701;134;Konìvova 1194/85, ikov, 13000, Praha;1043189.05;739752.68;;;;;16:00;1-5 - pracovní dny (pondìlí a pátek)
10003;Depo Praha 701;135;Husitská 69/33, ikov, 13000, Praha;1043349;740882;;;;;16:00;1-5 - pracovní dny (pondìlí a pátek)
10003;Depo Praha 701;137;Prokopovo námìstí 260/4, ikov, 13000, Praha;1043397;740592;;;;;16:00;1-5 - pracovní dny (pondìlí a pátek)
10003;Depo Praha 701;139;Zelenky-Hajského 1631/12, ikov, 13000, Praha;1043248.63;739537.88;;;;;16:00;1-5 - pracovní dny (pondìlí a pátek)
10003;Depo Praha 701;140;Roháèova 273/40, ikov, 13000, Praha;1043379.87;740157.18;;;;;16:00;1-5 - pracovní dny (pondìlí a pátek)
10003;Depo Praha 701;141;Seifertova 447/53, ikov, 13000, Praha;1043530;741073;;;;;16:00;1-5 - pracovní dny (pondìlí a pátek)
10003;Depo Praha 701;142;námìstí Winstona Churchilla 1938/4, ikov, 13000, Praha;1043565.36;741445.13;;;;;16:00;1-5 - pracovní dny (pondìlí a pátek)
10003;Depo Praha 701;144;Kubelíkova 1250/16, ikov, 13000, Praha;1043900;741005;;;;;16:00;1-5 - pracovní dny (pondìlí a pátek)
10003;Depo Praha 701;145;Kubelíkova 1155/44, ikov, 13000, Praha;1043891.69;740672.69;pošta Praha 35, Èajkovského;;;;16:00;1-5 - pracovní dny (pondìlí a pátek)
10003;Depo Praha 701;146;Boøivojova 866/48, ikov, 13000, Praha;1043747;740637;;;;;16:00;1-5 - pracovní dny (pondìlí a pátek)
10003;Depo Praha 701;149;Táboritská 1781/38, ikov, 13000, Praha;1043934.47;740257.27;;;;;16:00;1-5 - pracovní dny (pondìlí a pátek)
10003;Depo Praha 701;150;Køišanova 889/13, ikov, 13000, Praha;1044070;740301;;;;;16:00;1-5 - pracovní dny (pondìlí a pátek)
10003;Depo Praha 701;151;Lucemburská 1578/25, ikov, 13000, Praha;1044252;740471;;;;;16:00;1-5 - pracovní dny (pondìlí a pátek)
10003;Depo Praha 701;152;Jagellonská 1634/16, Vinohrady, 13000, Praha;1044208;740623;;;;;16:00;1-5 - pracovní dny (pondìlí a pátek)
10003;Depo Praha 701;153;Baranova 1878/10, ikov, 13000, Praha;1044307.56;740321;;;;;16:00;1-5 - pracovní dny (pondìlí a pátek)
10003;Depo Praha 701;154;Ondøíèkova 383/31, ikov, 13000, Praha;1043969.36;740562.15;park;;;;16:00;1-5 - pracovní dny (pondìlí a pátek)
10003;Depo Praha 701;155;Blodkova 1254/2, ikov, 13000, Praha;1044151;740919;roh Ondøíèkova;;;;16:00;1-5 - pracovní dny (pondìlí a pátek)
10003;Depo Praha 701;156;Slavíkova 1499/22, ikov, 13000, Praha;1044036;741096;;;;;16:00;1-5 - pracovní dny (pondìlí a pátek)
10003;Depo Praha 701;157;námìstí Jiøího z Podìbrad 1554/6, Vinohrady, 13000, Praha;1044270;740992;;;;;16:00;1-5 - pracovní dny (pondìlí a pátek)
10003;Depo Praha 701;159;Vinohradská 788/88, Vinohrady, 13000, Praha;1044450;740681;;;;;16:00;1-5 - pracovní dny (pondìlí a pátek)
10003;Depo Praha 701;160;Vinohradská 1612/149, ikov, 13000, Praha;1044444;740171;;;;;16:00;1-5 - pracovní dny (pondìlí a pátek)
10003;Depo Praha 701;161;Vinohradská 2333/166, Vinohrady, 13000, Praha;1044508;739640;;;;;16:00;1-5 - pracovní dny (pondìlí a pátek)
10003;Depo Praha 701;163;Sobìslavská 2074/68, Vinohrady, 13000, Praha;1044704;739147;u Vinohradské nemocnice;;;;16:00;1-5 - pracovní dny (pondìlí a pátek)
10003;Depo Praha 701;164;Šrobárova 1150/50, Vinohrady, 10000, Praha;1044840;739147;Vinohradská nemocnice;;;;16:00;1-5 - pracovní dny (pondìlí a pátek)
10003;Depo Praha 701;166;Šrobárova 1834/28, Vinohrady, 10100, Praha;1044752;739797;;;;;16:00;1-5 - pracovní dny (pondìlí a pátek)
10003;Depo Praha 701;167;Chrudimská 2526/2a, Vinohrady, 13000, Praha;1044540;740018;pošta Praha 31;;;;16:00;1-5 - pracovní dny (pondìlí a pátek)
10003;Depo Praha 701;168;Korunní 973/123, Vinohrady, 13000, Praha;1044631.61;740351.34;;;;;16:00;1-5 - pracovní dny (pondìlí a pátek)
10003;Depo Praha 701;169;Korunní 880/101, Vinohrady, 13000, Praha;1044647;740662;;;;;16:00;1-5 - pracovní dny (pondìlí a pátek)
10003;Depo Praha 701;170;Korunní 1257/73, Vinohrady, 13000, Praha;1044602.29;740940.91;;;;;16:00;1-5 - pracovní dny (pondìlí a pátek)
10003;Depo Praha 701;171;Habrová 2654/2, ikov, 13000, Praha;1043629.05;737641.82;;;;;16:00;1-5 - pracovní dny (pondìlí a pátek)
10003;Depo Praha 701;172;Basilejské námìstí 1776/5, ikov, 13000, Praha;1043502.81;739349.89;;;;;16:00;1-5 - pracovní dny (pondìlí a pátek)
10003;Depo Praha 701;176;Roháèova 263/23, ikov, 13000, Praha;1043403.81;740346.44;pošta Praha 32;;;;16:00;1-5 - pracovní dny (pondìlí a pátek)
10003;Depo Praha 701;179;Táboritská 913/3, ikov, 13000, Praha;1043758;740536;;;;;16:00;1-5 - pracovní dny (pondìlí a pátek)
10003;Depo Praha 701;180;Pøemyslovská 848/2, Vinohrady, 13000, Praha;1044378.5;740749.13;pošta Praha 33, nám.Jiøího z Podìbrad;;;;16:00;1-5 - pracovní dny (pondìlí a pátek)
10003;Depo Praha 701;201;Za Zelenou liškou 469/15, Krè, 14000, Praha;1047673.02;741765.57;Za zel.liškou 15/469;;;;16:00;1-5 - pracovní dny (pondìlí a pátek)
10003;Depo Praha 701;202;Pacovská 867/35, Krè, 14000, Praha;1047896;741562;Budìj.- Pacovská;;;;16:00;1-5 - pracovní dny (pondìlí a pátek)
10003;Depo Praha 701;203;Bítovská 1225/38, Michle, 14000, Praha;1047989.06;741078.81;Bítovská 38/1225;;;;16:00;1-5 - pracovní dny (pondìlí a pátek)
10003;Depo Praha 701;205;Tøeboòská 593/9, Michle, 14000, Praha;1048148;740951;Sedlèan.-Pacovská;;;;16:00;1-5 - pracovní dny (pondìlí a pátek)
10003;Depo Praha 701;206;Pelhøimovská 1071/2, Michle, 14000, Praha;1048224;741113;Pelhøimovská 2/1071;;;;16:00;1-5 - pracovní dny (pondìlí a pátek)
10003;Depo Praha 701;207;U krèské vodárny 116/16, Krè, 14000, Praha;1048438.82;741899.09;U krè.vodárny 16;;;;16:00;1-5 - pracovní dny (pondìlí a pátek)
10003;Depo Praha 701;208;U Habrovky 394/17, Krè, 14000, Praha;1048330.86;741659.91;U Habrovky 17;;;;16:00;1-5 - pracovní dny (pondìlí a pátek)
10003;Depo Praha 701;209;Rabasova 1081/1, Krè, 14000, Praha;1048107.94;742000.94;Krèská 42, pošta Praha 42;;;;16:00;1-5 - pracovní dny (pondìlí a pátek)
10003;Depo Praha 701;210;U háje 836/42, Braník, 14700, Praha;1048105.73;743466.02;U háje 45;;;;16:00;1-5 - pracovní dny (pondìlí a pátek)
10003;Depo Praha 701;211;V podhájí 523/30, Braník, 14700, Praha;1047798;743638;V podhájí 30;;;;16:00;1-5 - pracovní dny (pondìlí a pátek)
10003;Depo Praha 701;212;Na Dobešce 402/5, Braník, 14700, Praha;1047967;743879;Nad lomem;;;;16:00;1-5 - pracovní dny (pondìlí a pátek)
10003;Depo Praha 701;213;Zelenı pruh 1221/28, Braník, 14700, Praha;1048215.67;743682.29;Zel.pruh 28/1221;;;;16:00;1-5 - pracovní dny (pondìlí a pátek)
10003;Depo Praha 701;214;Nad Zemankou 1294/10, Krè, 14700, Praha;1048415;743332;Zel. pruh - Na Zeman.;;;;16:00;1-5 - pracovní dny (pondìlí a pátek)
10003;Depo Praha 701;215;Toèitá 1413/39, Krè, 14000, Praha;1048375.34;742543.66;Toèitá 39/1413;;;;16:00;1-5 - pracovní dny (pondìlí a pátek)
10003;Depo Praha 701;216;5. kvìtna 1737/1b, Nusle, 14000, Praha;1047093.11;741860.06;;;;;16:00;1-5 - pracovní dny (pondìlí a pátek)
10003;Depo Praha 701;217;Milevská 1695/7, Krè, 14000, Praha;1047394.67;742188.33;Milevská - Panorama;;;;16:00;1-5 - pracovní dny (pondìlí a pátek)
10003;Depo Praha 701;219;Pujmanové 870/1, Podolí, 14000, Praha;1047752.63;742577.77;Pujmanové-V rovinách;;;;16:00;1-5 - pracovní dny (pondìlí a pátek)
10003;Depo Praha 701;220;K sídlišti 776/15, Podolí, 14000, Praha;1047617;742813;K sídlišti-Kaplická;;;;16:00;1-5 - pracovní dny (pondìlí a pátek)
10003;Depo Praha 701;221;V rovinách 588/52, Podolí, 14000, Praha;1047476.83;742876.55;Na vrstevnici - V rovinách;;;;16:00;1-5 - pracovní dny (pondìlí a pátek)
10003;Depo Praha 701;223;Podolská 538/42, Podolí, 14700, Praha;1047328.5;743796.25;Dvorecké nám. 2/597;;;;16:00;1-5 - pracovní dny (pondìlí a pátek)
10003;Depo Praha 701;224;Jeremenkova 1020/68, Braník, 14700, Praha;1047874.31;743278.13;Jeremenkova 68/1020;;;;16:00;1-5 - pracovní dny (pondìlí a pátek)
10003;Depo Praha 701;225;Jeremenkova 725/90, Podolí, 14000, Praha;1047968;742880;Jeremenkova 90;;;;16:00;1-5 - pracovní dny (pondìlí a pátek)
10003;Depo Praha 701;226;Olbrachtova 1065/46, Krè, 14000, Praha;1048077.89;741798.5;Olbrachtova 46;;;;16:00;1-5 - pracovní dny (pondìlí a pátek)
10003;Depo Praha 701;227;Budìjovická 1523/9a, Michle, 14000, Praha;1047712;741632;Budìjovická;;;;16:00;1-5 - pracovní dny (pondìlí a pátek)
10003;Depo Praha 701;228;Hvìzdova 1568/25, Nusle, 14000, Praha;1047046;742158.69;Hvìzdova;;;;16:00;1-5 - pracovní dny (pondìlí a pátek)
10003;Depo Praha 701;229;Kotorská 1590/40, Nusle, 14000, Praha;1046796.84;742369.9;Kotorská 40;;;;16:00;1-5 - pracovní dny (pondìlí a pátek)
10003;Depo Praha 701;230;Plamínkové 1559/15, Nusle, 14000, Praha;1047109.61;742359.62;Plamínkova 15/1559;;;;16:00;1-5 - pracovní dny (pondìlí a pátek)
10003;Depo Praha 701;231;Na Jezerce 1196/1, Nusle, 14000, Praha;1046772;741755;Sdruení - na Jezerce;;;;16:00;1-5 - pracovní dny (pondìlí a pátek)
10003;Depo Praha 701;233;Antala Staška 1670/80, Krè, 14000, Praha;1048239.9;741443.35;Antala Staška - M. èást;;;;16:00;1-5 - pracovní dny (pondìlí a pátek)
10003;Depo Praha 701;234;Na Veselí 733/36, Nusle, 14000, Praha;1046552;741826;Na veselí 36;;;;16:00;1-5 - pracovní dny (pondìlí a pátek)
10003;Depo Praha 701;235;Pod lázní 1026/2, Nusle, 14000, Praha;1046417;741783;Pod lázní 2/1026;;;;16:00;1-5 - pracovní dny (pondìlí a pátek)
10003;Depo Praha 701;237;Svatoslavova 333/4, Nusle, 14000, Praha;1046039.65;741680.41;Svatoslavova 4;;;;16:00;1-5 - pracovní dny (pondìlí a pátek)
10003;Depo Praha 701;238;Klobouènická 1423/1, Nusle, 14000, Praha;1046236;741217;Klobouènická 1/1423;;;;16:00;1-5 - pracovní dny (pondìlí a pátek)
10003;Depo Praha 701;239;Rostislavova 1384/2, Nusle, 14000, Praha;1046077;741419;Rostislavova 2;;;;16:00;1-5 - pracovní dny (pondìlí a pátek)
10003;Depo Praha 701;240;Nuselská 142/9, Nusle, 14000, Praha;1045859.7;741637.88;Nuselská 9;;;;16:00;1-5 - pracovní dny (pondìlí a pátek)
10003;Depo Praha 701;241;Na Zámecké 409/6, Nusle, 14000, Praha;1045679.48;741709.52;námìstí bratøí Synkù;;;;16:00;1-5 - pracovní dny (pondìlí a pátek)
10003;Depo Praha 701;242;Køesomyslova 593/12, Nusle, 14000, Praha;1045679.63;741896.56;pošta Praha 416;;;;16:00;1-5 - pracovní dny (pondìlí a pátek)
10003;Depo Praha 701;243;Na Pankráci 1291/101, Nusle, 14000, Praha;1046689.41;742238.83;Na Pankráci 101;;;;16:00;1-5 - pracovní dny (pondìlí a pátek)
10003;Depo Praha 701;244;Táborská 750/20, Nusle, 14000, Praha;1046048.84;742060.24;Táborská 20/750;;;;16:00;1-5 - pracovní dny (pondìlí a pátek)
10003;Depo Praha 701;245;Táborská 350/32, Nusle, 14000, Praha;1045946.42;741818.93;Táborská 32;;;;16:00;1-5 - pracovní dny (pondìlí a pátek)
10003;Depo Praha 701;246;Petra Rezka 1183/5, Nusle, 14000, Praha;;;Petra Rezka 5;;;;16:00;1-5 - pracovní dny (pondìlí a pátek)
10003;Depo Praha 701;248;Na Pankráci 876/73, Nusle, 14000, Praha;1046396.03;742373.12;Na Pankráci 73/876;;;;16:00;1-5 - pracovní dny (pondìlí a pátek)
10003;Depo Praha 701;250;Marie Cibulkové 448/17, Nusle, 14000, Praha;1046210.53;742701.25;M.Cibulkové 17/394;;;;16:00;1-5 - pracovní dny (pondìlí a pátek)
10003;Depo Praha 701;253;Na Pankráci 1618/30, Nusle, 14000, Praha;1046180.6;742668.33;Na Pankráci 30;;;;16:00;1-5 - pracovní dny (pondìlí a pátek)
10003;Depo Praha 701;254;Na dolinách 1277/45, Nusle, 14000, Praha;1046432.34;742646.5;Na dolinách 47/1278;;;;16:00;1-5 - pracovní dny (pondìlí a pátek)
10003;Depo Praha 701;255;Na dolinách 357/23, Podolí, 14700, Praha;1046338.9;742945.64;Na dolinách 23/357;;;;16:00;1-5 - pracovní dny (pondìlí a pátek)
10003;Depo Praha 701;258;Na lysinì 772/12, Podolí, 14700, Praha;1046770.31;742765.31;Na lysinì 12;;;;16:00;1-5 - pracovní dny (pondìlí a pátek)
10003;Depo Praha 701;259;Dìkanská vinice I 984/2, Nusle, 14000, Praha;1046750;742491;Dìkanská vinice I. 2;;;;16:00;1-5 - pracovní dny (pondìlí a pátek)
10003;Depo Praha 701;261;Nuselská 1494/62, Nusle, 14000, Praha;1046214;741321;Nuselská 62;;;;16:00;1-5 - pracovní dny (pondìlí a pátek)
10003;Depo Praha 701;262;Nuselská 373/102, Michle, 14000, Praha;1046680;741188;Nuselská 102/373;;;;16:00;1-5 - pracovní dny (pondìlí a pátek)
10003;Depo Praha 701;263;Nuselská 214/124, Michle, 14000, Praha;1046858.64;741144.37;Nuselská 124;;;;16:00;1-5 - pracovní dny (pondìlí a pátek)
10003;Depo Praha 701;264;Michelská 7/25, Michle, 14000, Praha;1047206;740988;Michelská - Ohradní;;;;16:00;1-5 - pracovní dny (pondìlí a pátek)
10003;Depo Praha 701;266;Michelská 300/60, Michle, 14000, Praha;1047583;740714;Michelská 60/300;;;;16:00;1-5 - pracovní dny (pondìlí a pátek)
10003;Depo Praha 701;267;Michelská 1240/72, Michle, 14100, Praha;1047861.13;740663.5;Michelská 72/1240;;;;16:00;1-5 - pracovní dny (pondìlí a pátek)
10003;Depo Praha 701;268;Michelská 310/106, Michle, 14000, Praha;1048386.38;740682.37;Kaèerov- metro;;;;16:00;1-5 - pracovní dny (pondìlí a pátek)
10003;Depo Praha 701;273;U krèského nádraí 381/10, Krè, 14000, Praha;1049271;741800;U krè. nádraí - Paprskova;;;;16:00;1-5 - pracovní dny (pondìlí a pátek)
10003;Depo Praha 701;274;Štúrova 1701/55, Krè, 14200, Praha;1049650.1;741665.56;Štùrova 1701;;;;16:00;1-5 - pracovní dny (pondìlí a pátek)
10003;Depo Praha 701;275;Sulická 1085/53, Krè, 14200, Praha;1049867.51;741997.05;Sulická;;;;16:00;1-5 - pracovní dny (pondìlí a pátek)
10003;Depo Praha 701;276;Novodvorská 1077/84, Braník, 14200, Praha;1050233.43;742452.51;Novodvorská 84;;;;16:00;1-5 - pracovní dny (pondìlí a pátek)
10003;Depo Praha 701;277;Novodvorská 994/138, Braník, 14200, Praha;1049699.69;743042.22;Novodvorská V Ú;;;;16:00;1-5 - pracovní dny (pondìlí a pátek)
10003;Depo Praha 701;279;Zárubova 487/12, Kamık, 14200, Praha;1051091.25;742831.75;U Kamıku;;;;16:00;1-5 - pracovní dny (pondìlí a pátek)
10003;Depo Praha 701;280;Zárubova 504/19, Kamık, 14200, Praha;1051138.75;743019.19;Zárubova - Seidlova;;;;16:00;1-5 - pracovní dny (pondìlí a pátek)
10003;Depo Praha 701;281;Krhanická 719/25, Kamık, 14200, Praha;1051014.13;742398.94;Durychova - Jasná;;;;16:00;1-5 - pracovní dny (pondìlí a pátek)
10003;Depo Praha 701;282;Cílkova 650/2, Kamık, 14200, Praha;1051355.17;742256.26;Cílkova 2/650;;;;16:00;1-5 - pracovní dny (pondìlí a pátek)
10003;Depo Praha 701;283;Pšenèíkova 679/14, Kamık, 14200, Praha;1051290.16;742153.75;Pšenèíkova 14/679;;;;16:00;1-5 - pracovní dny (pondìlí a pátek)
10003;Depo Praha 701;285;Bernolákova 1168/9, Krè, 14200, Praha;1050117.17;741538.46;Bernolákova 9/1173;;;;16:00;1-5 - pracovní dny (pondìlí a pátek)
10003;Depo Praha 701;286;Pod Krèskım lesem 1379/12, Krè, 14200, Praha;1050509;741003.94;Pod krè.lesem 20;;;;16:00;1-5 - pracovní dny (pondìlí a pátek)
10003;Depo Praha 701;287;V lískách 1782/9, Krè, 14200, Praha;1050943.88;740813.46;K vızkum ústavùm;;;;16:00;1-5 - pracovní dny (pondìlí a pátek)
10003;Depo Praha 701;288;V Štíhlách 2031/12, Krè, 14200, Praha;1050739;741375;V Štíhlách - Heèkova;;;;16:00;1-5 - pracovní dny (pondìlí a pátek)
10003;Depo Praha 701;289;Štúrova 1418/4, Krè, 14200, Praha;1050696.16;741586.53;Štùrova - Tempo;;;;16:00;1-5 - pracovní dny (pondìlí a pátek)
10003;Depo Praha 701;290;Sládkovièova 1245/30, Krè, 14200, Praha;1050566;741273.81;Sládkovièova 30;;;;16:00;1-5 - pracovní dny (pondìlí a pátek)
10003;Depo Praha 701;291;Hurbanova 1169/1, Krè, 14200, Praha;1050202.78;741548.71;Hurbanova;;;;16:00;1-5 - pracovní dny (pondìlí a pátek)
10003;Depo Praha 701;292;Štúrova 1158/22, Krè, 14200, Praha;1049977.88;741520;Štùrova - Rùinovská;;;;16:00;1-5 - pracovní dny (pondìlí a pátek)
10003;Depo Praha 701;293;Toušeòská 770/2, Lhotka, 14200, Praha;1050491.5;742089.25;Vzdušná - Toušemská;;;;16:00;1-5 - pracovní dny (pondìlí a pátek)
10003;Depo Praha 701;294;Nechanická 306/5, Kamık, 14200, Praha;1050675.08;742234.32;Èechtická - Nechanická;;;;16:00;1-5 - pracovní dny (pondìlí a pátek)
10003;Depo Praha 701;298;V Zeleném údolí 1301/9, Kunratice, 14800, Praha;1050745.2;740666.25;V zeleném údolí 9;;;;16:00;1-5 - pracovní dny (pondìlí a pátek)
10003;Depo Praha 701;300;Libušská 319/126, Písnice, 14200, Praha;1052914.46;740843.03;Písnice-masokombinát;;;;16:00;1-5 - pracovní dny (pondìlí a pátek)
10003;Depo Praha 701;301;Libušská 1/204, Libuš, 14200, Praha;1052008;741115.94;pošta Praha 413;;;;16:00;1-5 - pracovní dny (pondìlí a pátek)
10003;Depo Praha 701;308;K Vltavì 679/47, Modøany, 14300, Praha;1051867.78;744639.41;K Vltavì 47/679;;;;16:00;1-5 - pracovní dny (pondìlí a pátek)
10003;Depo Praha 701;309;Obchodní námìstí 51/1, Modøany, 14300, Praha;1051931.62;745287.8;Obch.nám.;;;;16:00;1-5 - pracovní dny (pondìlí a pátek)
10003;Depo Praha 701;310;Branická 414/235, Krè, 14000, Praha;1048798.46;742424.18;Bránická - Pod Vrstevnicí;;;;16:00;1-5 - pracovní dny (pondìlí a pátek)
10003;Depo Praha 701;311;K Nouzovu 2181/1, Komoøany, 14300, Praha;1053760.11;744901.87;K Nouzovu;;;;16:00;1-5 - pracovní dny (pondìlí a pátek)
10003;Depo Praha 701;312;Na Homoli 2000/2, Komoøany, 14300, Praha;1053629;745136;Na homoli 2;;;;16:00;1-5 - pracovní dny (pondìlí a pátek)
10003;Depo Praha 701;313;Komoøanská 326/63, Modøany, 14300, Praha;1053365;745006;Komoøanská 63;;;;16:00;1-5 - pracovní dny (pondìlí a pátek)
10003;Depo Praha 701;314;K Vystrkovu 560/1, Modøany, 14300, Praha;1052519.32;745139.57;K Vystrkovu;;;;16:00;1-5 - pracovní dny (pondìlí a pátek)
10003;Depo Praha 701;315;Dolnocholupická 844/16, Modøany, 14300, Praha;1052689;744691;Dolnocholupická 16;;;;16:00;1-5 - pracovní dny (pondìlí a pátek)
10003;Depo Praha 701;316;Hornocholupická 954/5, Modøany, 14300, Praha;1052951.93;743887.22;Hornocholupická 22;;;;16:00;1-5 - pracovní dny (pondìlí a pátek)
10003;Depo Praha 701;317;Pertoldova 3344/6, Modøany, 14300, Praha;1052657.58;743734.07;Pertoldova;;;;16:00;1-5 - pracovní dny (pondìlí a pátek)
10003;Depo Praha 701;318;Petrílova 3300/9, Modøany, 14300, Praha;1052756.5;744125.19;Petrílova 3300;;;;16:00;1-5 - pracovní dny (pondìlí a pátek)
10003;Depo Praha 701;319;Semická 2026/14, Modøany, 14300, Praha;1052786.57;744404.49;Ès.exilu - Platonova;;;;16:00;1-5 - pracovní dny (pondìlí a pátek)
10003;Depo Praha 701;321;Sofijské námìstí 3406/1, Modøany, 14300, Praha;1052007.75;744355.25;Sofijské n.3406/1, pošta Praha 412;;;;16:00;1-5 - pracovní dny (pondìlí a pátek)
10003;Depo Praha 701;322;Botevova 3104/2, Modøany, 14300, Praha;1051670.52;744292.93;Ès. exilu-Botevova;;;;16:00;1-5 - pracovní dny (pondìlí a pátek)
10003;Depo Praha 701;323;Plevenská 3113/1, Modøany, 14300, Praha;1051708.07;744104.09;Plevenská-Pejevova;;;;16:00;1-5 - pracovní dny (pondìlí a pátek)
10003;Depo Praha 701;325;Daškova 3089/32, Modøany, 14300, Praha;1051314.57;743514.62;Daškova-Hasova;;;;16:00;1-5 - pracovní dny (pondìlí a pátek)
10003;Depo Praha 701;326;Mazancova 3058/2, Modøany, 14300, Praha;1051199.39;743992.08;Lhotecká;;;;16:00;1-5 - pracovní dny (pondìlí a pátek)
10003;Depo Praha 701;327;Branická 317/125, Braník, 14700, Praha;1048741;743565;Bránická-Pod svahem;;;;16:00;1-5 - pracovní dny (pondìlí a pátek)
10003;Depo Praha 701;328;Branické námìstí 777/78, Braník, 14700, Praha;1048832.38;743987.25;Bránické nám. 2;;;;16:00;1-5 - pracovní dny (pondìlí a pátek)
10003;Depo Praha 701;329;Branická 146/59, Braník, 14700, Praha;1048592.07;744136.61;Bránická 59;;;;16:00;1-5 - pracovní dny (pondìlí a pátek)
10003;Depo Praha 701;330;Jiskrova 750/5, Braník, 14700, Praha;1048496.94;744281.19;Jiskrova 750/5, pošta Praha 47;;;;16:00;1-5 - pracovní dny (pondìlí a pátek)
10003;Depo Praha 701;331;Ke Krèi 1036/1, Braník, 14700, Praha;1048238.88;744269.25;Ke Krèi-Bránická;;;;16:00;1-5 - pracovní dny (pondìlí a pátek)
10003;Depo Praha 701;332;Ve studeném 1296/13, Braník, 14700, Praha;1049265;743702;Ve studeném - almanova;;;;16:00;1-5 - pracovní dny (pondìlí a pátek)
10003;Depo Praha 701;333;Mikuleckého 1314/14, Braník, 14700, Praha;1049345.11;743344.59;Mikuleckého-Skalákù;;;;16:00;1-5 - pracovní dny (pondìlí a pátek)
10003;Depo Praha 701;334;Údolní 654/79, Braník, 14700, Praha;1049868.55;743559.78;Údolní 79/654;;;;16:00;1-5 - pracovní dny (pondìlí a pátek)
10003;Depo Praha 701;335;Údolní 1751/41, Braník, 14700, Praha;1049663.43;744037.78;Údolní-Psohlavcù;;;;16:00;1-5 - pracovní dny (pondìlí a pátek)
10003;Depo Praha 701;336;Jitøní 185/6, Hodkovièky, 14700, Praha;1049900.29;744292.76;Jitøní 185;;;;16:00;1-5 - pracovní dny (pondìlí a pátek)
10003;Depo Praha 701;337;Pod lysinami 465/7, Hodkovièky, 14700, Praha;1050224.38;744552.75;Pod lysinami 7;;;;16:00;1-5 - pracovní dny (pondìlí a pátek)
10003;Depo Praha 701;338;Na lysinách 462/32, Hodkovièky, 14700, Praha;1050116.13;744369.5;Na lysinách;;;;16:00;1-5 - pracovní dny (pondìlí a pátek)
10003;Depo Praha 701;340;Jílovská 1100/16, Braník, 14200, Praha;1049895.35;743168.49;Údolní-Jílovská;;;;16:00;1-5 - pracovní dny (pondìlí a pátek)
10003;Depo Praha 701;341;Lhotecká 559/7, Kamık, 14300, Praha;1050868.22;743142.24;Policejní akademie;;;;16:00;1-5 - pracovní dny (pondìlí a pátek)
10003;Depo Praha 701;342;K otoèce 779/27a, Modøany, 14300, Praha;1050985.93;744297.26;K Otoèce 775;;;;16:00;1-5 - pracovní dny (pondìlí a pátek)
10003;Depo Praha 701;343;K otoèce 1731/18, Modøany, 14300, Praha;1051053;744344;K otoèce - Zátišská;;;;16:00;1-5 - pracovní dny (pondìlí a pátek)
10003;Depo Praha 701;344;Darwinova 594/9, Modøany, 14300, Praha;1051535.77;745100.59;Darvinova 9/594;;;;16:00;1-5 - pracovní dny (pondìlí a pátek)
10003;Depo Praha 701;345;Modøanská 14/88, Hodkovièky, 14700, Praha;1049986.78;744968.13;Modøanská 14/8;;;;16:00;1-5 - pracovní dny (pondìlí a pátek)
10003;Depo Praha 701;346;Pikovická 869/2, Braník, 14700, Praha;1049440.47;744768.85;Braník ÈD;;;;16:00;1-5 - pracovní dny (pondìlí a pátek)
10003;Depo Praha 701;347;Podolské nábøeí 394/36, Podolí, 14700, Praha;1045851.65;743104.12;Podolí - ÚPMD;;;;16:00;1-5 - pracovní dny (pondìlí a pátek)
10003;Depo Praha 701;348;Podolské nábøeí 394/36, Podolí, 14700, Praha;1045851.65;743104.12;Podolí - ÚPMD;;;;16:00;1-5 - pracovní dny (pondìlí a pátek)
10003;Depo Praha 701;349;Levá 586/10, Podolí, 14700, Praha;1046458;743185;Levá 10/586;;;;16:00;1-5 - pracovní dny (pondìlí a pátek)
10003;Depo Praha 701;350;Podolská 245/116, Podolí, 14700, Praha;1046544;743368;Podolská 116;;;;16:00;1-5 - pracovní dny (pondìlí a pátek)
10003;Depo Praha 701;351;U Kublova 361/2, Podolí, 14700, Praha;1046737;743505;Podolská- U kublova;;;;16:00;1-5 - pracovní dny (pondìlí a pátek)
10003;Depo Praha 701;352;Podolská 61/146, Podolí, 14700, Praha;1046168.23;743230.6;Podolská 146;;;;16:00;1-5 - pracovní dny (pondìlí a pátek)
10003;Depo Praha 701;354;Na líše 805/23, Michle, 14100, Praha;1047875.19;740334.52;Na líše 23/805;;;;16:00;1-5 - pracovní dny (pondìlí a pátek)
10003;Depo Praha 701;355;Podle Kaèerova 1259/36, Michle, 14100, Praha;1048145.82;740316.9;Podle Kaèerova;;;;16:00;1-5 - pracovní dny (pondìlí a pátek)
10003;Depo Praha 701;356;Roztylské námìstí 393/35, Zábìhlice, 14100, Praha;1048218;739494;Roztylské nám. 35;;;;16:00;1-5 - pracovní dny (pondìlí a pátek)
10003;Depo Praha 701;357;Boèní I 1608/39, Zábìhlice, 14100, Praha;1048349;739196;Boèní I 39;;;;16:00;1-5 - pracovní dny (pondìlí a pátek)
10003;Depo Praha 701;358;Jiní námìstí 970/9, Zábìhlice, 14100, Praha;1048615.2;739138.59;Jiní nám. 7/972;;;;16:00;1-5 - pracovní dny (pondìlí a pátek)
10003;Depo Praha 701;360;Hlavní 503/45, Zábìhlice, 14100, Praha;1048400.12;739647.32;Hlavní B45;;;;16:00;1-5 - pracovní dny (pondìlí a pátek)
10003;Depo Praha 701;361;Hrusická 3151/1, Zábìhlice, 14100, Praha;1047913.76;739007.77;Hrusická;;;;16:00;1-5 - pracovní dny (pondìlí a pátek)
10003;Depo Praha 701;363;Mìchenická 2566/30, Zábìhlice, 14100, Praha;1047812.32;738644.73;Na Chodov.-Mìchenická;;;;16:00;1-5 - pracovní dny (pondìlí a pátek)
10003;Depo Praha 701;364;U mlına 2982/8, Zábìhlice, 14100, Praha;1047506.89;738936.84;U Mlına - Krajánkova;;;;16:00;1-5 - pracovní dny (pondìlí a pátek)
10003;Depo Praha 701;365;Chodovská 228/3, Michle, 14100, Praha;1047349.24;739750.48;Chodovská;;;;16:00;1-5 - pracovní dny (pondìlí a pátek)
10003;Depo Praha 701;366;Jiní I 781/1, Zábìhlice, 14100, Praha;1048581;738797;Lešanská;;;;16:00;1-5 - pracovní dny (pondìlí a pátek)
10003;Depo Praha 701;367;Svojšovická 2830/2, Zábìhlice, 14100, Praha;1048239.46;738685.64;Senohr.-Svojšovická;;;;16:00;1-5 - pracovní dny (pondìlí a pátek)
10003;Depo Praha 701;369;Blatenská 2146/4, Chodov, 14800, Praha;1049365.93;738997.55;Blatenská;;;;16:00;1-5 - pracovní dny (pondìlí a pátek)
10003;Depo Praha 701;370;Gregorova 2115/10, Chodov, 14800, Praha;1049402.88;739721.39;Globus;;;;16:00;1-5 - pracovní dny (pondìlí a pátek)
10003;Depo Praha 701;371;Augustinova 2082/23, Chodov, 14800, Praha;1049586.54;739444.73;Augustinova 2082;;;;16:00;1-5 - pracovní dny (pondìlí a pátek)
10003;Depo Praha 701;372;Krejnická 2021/1, Chodov, 14800, Praha;1049638.09;739309.64;Krejnická;;;;16:00;1-5 - pracovní dny (pondìlí a pátek)
10003;Depo Praha 701;373;Dìdinova 2008/13, Chodov, 14800, Praha;1049833.13;739274.19;Dìdinova 2009;;;;16:00;1-5 - pracovní dny (pondìlí a pátek)
10003;Depo Praha 701;375;Jarníkova 1894/21, Chodov, 14800, Praha;1050496;738826;Jarníkova 1894;;;;16:00;1-5 - pracovní dny (pondìlí a pátek)
10003;Depo Praha 701;376;Vojtíškova 1783/2, Chodov, 14800, Praha;1050540;738683;Vojtíškova;;;;16:00;1-5 - pracovní dny (pondìlí a pátek)
10003;Depo Praha 701;377;Láskova 1795/17, Chodov, 14800, Praha;1050696;738612;Láskova 1795;;;;16:00;1-5 - pracovní dny (pondìlí a pátek)
10003;Depo Praha 701;379;Ekonomická 957, Kunratice, 14800, Praha;1051098.01;738778.68;Dunovická;;;;16:00;1-5 - pracovní dny (pondìlí a pátek)
10003;Depo Praha 701;381;Starochodovská 16/74, Chodov, 14900, Praha;1049772.34;738064.88;Turkova;;;;16:00;1-5 - pracovní dny (pondìlí a pátek)
10003;Depo Praha 701;383;Šalounova 2025/7, Chodov, 14900, Praha;1050680.11;737457.68;Šalounova 2025;;;;16:00;1-5 - pracovní dny (pondìlí a pátek)
10003;Depo Praha 701;384;Opatovská 1753/12, Chodov, 14900, Praha;1050806.84;736951.79;Opatovická - Delvita;;;;16:00;1-5 - pracovní dny (pondìlí a pátek)
10003;Depo Praha 701;386;Bohúòova 1346/4, Chodov, 14900, Praha;1051015.84;736527.14;Bohúòova - Tererova;;;;16:00;1-5 - pracovní dny (pondìlí a pátek)
10003;Depo Praha 701;387;Konstantinova 1483/24, Chodov, 14900, Praha;1050462.25;736433.06;Konstantinova 24;;;;16:00;1-5 - pracovní dny (pondìlí a pátek)
10003;Depo Praha 701;388;Bajkonurská 736/4, Háje, 14900, Praha;1050429;735992;Opatovská-Háje;;;;16:00;1-5 - pracovní dny (pondìlí a pátek)
10003;Depo Praha 701;389;Mejstøíkova 624/14, Háje, 14900, Praha;1050470;735571;Hlavatého-Mejstøíkova;;;;16:00;1-5 - pracovní dny (pondìlí a pátek)
10003;Depo Praha 701;390;Štichova 640/24, Háje, 14900, Praha;1050404;735315;Štíchova 24/640;;;;16:00;1-5 - pracovní dny (pondìlí a pátek)
10003;Depo Praha 701;391;Nešporova 573/2, Háje, 14900, Praha;1050041.63;735497.25;Opatov - Nešporova;;;;16:00;1-5 - pracovní dny (pondìlí a pátek)
10003;Depo Praha 701;392;Plickova 564/17, Háje, 14900, Praha;1050070.5;735685.94;Mendelova - Kropáè;;;;16:00;1-5 - pracovní dny (pondìlí a pátek)
10003;Depo Praha 701;393;K jezeru 74/1, Háje, 14900, Praha;1049833.83;735682.48;Vıstavní - K Jezeru;;;;16:00;1-5 - pracovní dny (pondìlí a pátek)
10003;Depo Praha 701;395;Hviezdoslavova 504/15, Háje, 14900, Praha;1049967.7;736244.23;Hviezdoslavova 15;;;;16:00;1-5 - pracovní dny (pondìlí a pátek)
10003;Depo Praha 701;399;Machkova 1645/8, Chodov, 14900, Praha;1049801.29;737119.05;Machkova- Kvìt.vítìzství;;;;16:00;1-5 - pracovní dny (pondìlí a pátek)
10003;Depo Praha 701;400;Matúškova 787/12, Háje, 14900, Praha;1049514;736858;Matùškova- Dubnova;;;;16:00;1-5 - pracovní dny (pondìlí a pátek)
10003;Depo Praha 701;401;Pištìkova 183/2, Chodov, 14900, Praha;1049387;737327;Ke Stáèírnì - Pistekova;;;;16:00;1-5 - pracovní dny (pondìlí a pátek)
10003;Depo Praha 701;402;Benkova 340/2, Chodov, 14900, Praha;1049767.25;737839.06;Kvìtnového vítìzství, pošta Praha 43;;;;16:00;1-5 - pracovní dny (pondìlí a pátek)
10003;Depo Praha 701;403;Benkova 850/26, Chodov, 14900, Praha;1049463.69;737910.19;Benkova - Donovalská;;;;16:00;1-5 - pracovní dny (pondìlí a pátek)
10003;Depo Praha 701;405;Klapálkova 3131/2, Chodov, 14900, Praha;1048664;738306;Blaimská -Košík;;;;16:00;1-5 - pracovní dny (pondìlí a pátek)
10003;Depo Praha 701;406;Klapálkova 3131/2, Chodov, 14900, Praha;1048664;738306;Blaimská;;;;16:00;1-5 - pracovní dny (pondìlí a pátek)
10003;Depo Praha 701;407;Severovıchodní I 1460/52, Zábìhlice, 14100, Praha;1047898;739236;Severovıchodní I;;;;16:00;1-5 - pracovní dny (pondìlí a pátek)
10003;Depo Praha 701;408;Roztylské námìstí 393/35, Zábìhlice, 14100, Praha;1048218;739494;Roztylské nám. 35;;;;16:00;1-5 - pracovní dny (pondìlí a pátek)
10003;Depo Praha 701;409;V zápolí 987/17, Michle, 14100, Praha;;;Zápolí 17;;;;16:00;1-5 - pracovní dny (pondìlí a pátek)
10003;Depo Praha 701;410;V zápolí 1253/29, Michle, 14100, Praha;1047631.24;740289.17;Zápolí 29/1253;;;;16:00;1-5 - pracovní dny (pondìlí a pátek)
10003;Depo Praha 701;412;5. kvìtna 856/58, Nusle, 14000, Praha;1046215.53;742331.04;5. kvìtna 58/856;;;;16:00;1-5 - pracovní dny (pondìlí a pátek)
10003;Depo Praha 701;413;Na stri 1709/42, Krè, 14000, Praha;1047473.88;741926.31;Na Stri 1709/42, pošta Praha 4;;;;16:00;1-5 - pracovní dny (pondìlí a pátek)
10003;Depo Praha 701;415;Na stri 1660/32, Krè, 14000, Praha;1048018.99;742176.28;Olbrachtova-hotel;;;;16:00;1-5 - pracovní dny (pondìlí a pátek)
10003;Depo Praha 701;416;Blaimská 1781/4, Chodov, 14900, Praha;1048779;738055;Blaimská-hotel;;;;16:00;1-5 - pracovní dny (pondìlí a pátek)
10003;Depo Praha 701;417;Hornomlınská 1231/7, Kunratice, 14800, Praha;1050826.57;739108.71;Hornomlınská 1231;;;;16:00;1-5 - pracovní dny (pondìlí a pátek)
10003;Depo Praha 701;418;Doubravická 1307/14, Chodov, 14900, Praha;1050757.8;736432.43;K Milíèovu 734;;;;16:00;1-5 - pracovní dny (pondìlí a pátek)
10003;Depo Praha 701;419;Vídeòská 1958/9, Krè, 14000, Praha;1050546;740826;IKEM Vídeòská;;;;16:00;1-5 - pracovní dny (pondìlí a pátek)
10003;Depo Praha 701;420;Vyskoèilova 1442/1b, Michle, 14000, Praha;1047651.16;740969.43;Vyskoèilova 1422/1B, Praha 4;;;;16:00;1-5 - pracovní dny (pondìlí a pátek)
10003;Depo Praha 701;421;Násirovo námìstí 1816/1, Modøany, 14300, Praha;1052541.08;744058.39;Násirovo nám. 7;;;;16:00;1-5 - pracovní dny (pondìlí a pátek)
10003;Depo Praha 701;422;Na Pankráci 1727/86, Nusle, 14000, Praha;1047199;742184;Arkády, Na Pankráci 86;;;;16:00;1-5 - pracovní dny (pondìlí a pátek)
10003;Depo Praha 701;441;Mrštíkova 858/33, Strašnice, 10000, Praha;1045249;738090;Mrštíkova 33;;;;16:00;1-5 - pracovní dny (pondìlí a pátek)
10003;Depo Praha 701;442;Starostrašnická 61/62, Strašnice, 10000, Praha;1044896.94;738133.25;Starostrašnická 61;;;;16:00;1-5 - pracovní dny (pondìlí a pátek)
10003;Depo Praha 701;443;Èernokostelecká 2020/20, Strašnice, 10000, Praha;1044927.44;737904.5;Èernokostelecká 2020/20, pošta Praha 10;;;;16:00;1-5 - pracovní dny (pondìlí a pátek)
10003;Depo Praha 701;444;Ve stínu 2103/10, Strašnice, 10000, Praha;1044740.02;737725.36;Ve stínu 10/2103;;;;16:00;1-5 - pracovní dny (pondìlí a pátek)
10003;Depo Praha 701;447;K Horkám 16/23, Hostivaø, 10200, Praha;1048214;735930;K Horkám 23/16;;;;16:00;1-5 - pracovní dny (pondìlí a pátek)
10003;Depo Praha 701;448;Doupovská 1043/2, Hostivaø, 10200, Praha;1048370.42;736492.78;Za Penny;;;;16:00;1-5 - pracovní dny (pondìlí a pátek)
10003;Depo Praha 701;449;K Horkám 47/56, Hostivaø, 10200, Praha;1048119.73;735889.91;K Horkám 56;;;;16:00;1-5 - pracovní dny (pondìlí a pátek)
10003;Depo Praha 701;450;Na køeèku 349/15, Horní Mìcholupy, 10900, Praha;1049256;733416.44;Na Køeèku 349;;;;16:00;1-5 - pracovní dny (pondìlí a pátek)
10003;Depo Praha 701;451;Janovská 402, Horní Mìcholupy, 10900, Praha;1049876;733346;Janovská 402;;;;16:00;1-5 - pracovní dny (pondìlí a pátek)
10003;Depo Praha 701;452;Kurèatovova 321/6, Petrovice, 10900, Praha;1050353.25;733483.39;Kurèatovova 321;;;;16:00;1-5 - pracovní dny (pondìlí a pátek)
10003;Depo Praha 701;454;Lessnerova 268/5, Petrovice, 10900, Praha;1049626.91;733713.39;Lessnerova 268;;;;16:00;1-5 - pracovní dny (pondìlí a pátek)
10003;Depo Praha 701;455;Milánská 311, Horní Mìcholupy, 10900, Praha;;;Milánská 311;;;;16:00;1-5 - pracovní dny (pondìlí a pátek)
10003;Depo Praha 701;456;plukovníka Mráze 1182/24, Hostivaø, 10200, Praha;1048309.5;734670.63;plk.Mráze 1182/24, pošta Praha 102;;;;16:00;1-5 - pracovní dny (pondìlí a pátek)
10003;Depo Praha 701;461;U továren 688/10, Hostivaø, 10200, Praha;1047534;735313;U Továren 10;;;;16:00;1-5 - pracovní dny (pondìlí a pátek)
10003;Depo Praha 701;464;Aubrechtové 3106/1, Zábìhlice, 10600, Praha;1047500.81;737866.44;Práèská;;;;16:00;1-5 - pracovní dny (pondìlí a pátek)
10003;Depo Praha 701;465;Zábìhlická 259/99, Zábìhlice, 10600, Praha;1047321.82;738478.99;Zábìhlická 99;;;;16:00;1-5 - pracovní dny (pondìlí a pátek)
10003;Depo Praha 701;469;Elektrárenská 774/2, Michle, 10100, Praha;1046373;739344;Elektrárenská 2;;;;16:00;1-5 - pracovní dny (pondìlí a pátek)
10003;Depo Praha 701;470;Ruská 1315/198, Vršovice, 10000, Praha;1045320.55;738575.74;Ruská - bus;;;;16:00;1-5 - pracovní dny (pondìlí a pátek)
10003;Depo Praha 701;472;Litevská 1282/1, Vršovice, 10000, Praha;1045321.78;739118.03;Litevská 1282/1, pošta Praha 105;;;;16:00;1-5 - pracovní dny (pondìlí a pátek)
10003;Depo Praha 701;473;Bìlocerkevská 1305/34, Vršovice, 10000, Praha;1045132.27;739510.43;Bìlocerkevská 34;;;;16:00;1-5 - pracovní dny (pondìlí a pátek)
10003;Depo Praha 701;475;28. pluku 443/27, Vršovice, 10100, Praha;1045212.22;740060.88;28.pluku 27;;;;16:00;1-5 - pracovní dny (pondìlí a pátek)
10003;Depo Praha 701;476;Kodaòská 582/39, Vršovice, 10100, Praha;1045131;740579;Kodaòská 39;;;;16:00;1-5 - pracovní dny (pondìlí a pátek)
10003;Depo Praha 701;477;Ruská 804/58, Vršovice, 10100, Praha;1045032;740371;Ruská 58;;;;16:00;1-5 - pracovní dny (pondìlí a pátek)
10003;Depo Praha 701;480;Krymská 138/36, Vršovice, 10100, Praha;1045161.87;740970.6;Krymská 36;;;;16:00;1-5 - pracovní dny (pondìlí a pátek)
10003;Depo Praha 701;481;Ruská 225/4, Vršovice, 10100, Praha;1045023.78;740905.98;Ruská 4;;;;16:00;1-5 - pracovní dny (pondìlí a pátek)
10003;Depo Praha 701;483;Moskevská 697/72, Vršovice, 10100, Praha;1045545.06;740404.44;Moskevská 72;;;;16:00;1-5 - pracovní dny (pondìlí a pátek)
10003;Depo Praha 701;484;Minská 776/2, Vršovice, 10100, Praha;1045602.92;740517.42;Minská 2;;;;16:00;1-5 - pracovní dny (pondìlí a pátek)
10003;Depo Praha 701;486;Moskevská 369/25, Vršovice, 10100, Praha;1045318.93;740750.63;Moskevská 25;;;;16:00;1-5 - pracovní dny (pondìlí a pátek)
10003;Depo Praha 701;487;Sportovní 846/22, Vršovice, 10100, Praha;1045578.49;740711.76;Sportovní 846/22, pošta Praha 101;;;;16:00;1-5 - pracovní dny (pondìlí a pátek)
10003;Depo Praha 701;488;U vršovického nádraí 1057/22, Vršovice, 10100, Praha;1045508;741156;Sámova 9;;;;16:00;1-5 - pracovní dny (pondìlí a pátek)
10003;Depo Praha 701;489;Petrohradská 438/13, Vršovice, 10100, Praha;1045797;740948;Petrohradská 13;;;;16:00;1-5 - pracovní dny (pondìlí a pátek)
10003;Depo Praha 701;492;Vršovická 1429/68, Vršovice, 10100, Praha;1045594;740065;Vršovická 68;;;;16:00;1-5 - pracovní dny (pondìlí a pátek)
10003;Depo Praha 701;493;Vršovická 699/74, Vršovice, 10000, Praha;1045480;739505;Vršovická 74;;;;16:00;1-5 - pracovní dny (pondìlí a pátek)
10003;Depo Praha 701;494;V olšinách 1397/24, Strašnice, 10000, Praha;1045434.48;738733.56;V Olšinách 24;;;;16:00;1-5 - pracovní dny (pondìlí a pátek)
10003;Depo Praha 701;495;Za strašnickou vozovnou 1343/6, Strašnice, 10000, Praha;1045031;738365;Za straš.vozovnou 6;;;;16:00;1-5 - pracovní dny (pondìlí a pátek)
10003;Depo Praha 701;496;U tvrze 5/1, Malešice, 10800, Praha;1044102.84;736442.55;Malešické nám.;;;;16:00;1-5 - pracovní dny (pondìlí a pátek)
10003;Depo Praha 701;497;Pod Táborem 102/5, Hrdloøezy, 19000, Praha;1043665;736324;Pod Táborem 102/5;;;;16:00;1-5 - pracovní dny (pondìlí a pátek)
10003;Depo Praha 701;498;Rektorská 577/5, Malešice, 10800, Praha;1043835.64;736865.43;Rektorská 5;;;;16:00;1-5 - pracovní dny (pondìlí a pátek)
10003;Depo Praha 701;499;Poèernická 630/87, Malešice, 10800, Praha;1044307.89;736708.99;Poèernická - Oáza;;;;16:00;1-5 - pracovní dny (pondìlí a pátek)
10003;Depo Praha 701;500;Poèernická 518/55, Malešice, 10800, Praha;1044360.18;737269.35;Poèernická 518/55, pošta Praha 108;;;;16:00;1-5 - pracovní dny (pondìlí a pátek)
10003;Depo Praha 701;501;Poèernická 464/50, Malešice, 10800, Praha;1044473.94;737636.13;Poèernická 50;;;;16:00;1-5 - pracovní dny (pondìlí a pátek)
10003;Depo Praha 701;503;Na Tøebešínì 2417/56, Strašnice, 10000, Praha;1044111;737975;Na Tøebešínì 56;;;;16:00;1-5 - pracovní dny (pondìlí a pátek)
10003;Depo Praha 701;504;Oravská 1886/1, Strašnice, 10000, Praha;1045407.25;737399.73;Oravská 1;;;;16:00;1-5 - pracovní dny (pondìlí a pátek)
10003;Depo Praha 701;506;Úvalská 1712/14, Strašnice, 10000, Praha;1045426.77;736855.75;Úvalská 14;;;;16:00;1-5 - pracovní dny (pondìlí a pátek)
10003;Depo Praha 701;507;V Rybníèkách 1980/31, Strašnice, 10000, Praha;1045635;737002;V Rybníèkách 31 ZŠ;;;;16:00;1-5 - pracovní dny (pondìlí a pátek)
10003;Depo Praha 701;508;Dubeèská 1037/23, Strašnice, 10000, Praha;1045850;737535;Dubeèská 23;;;;16:00;1-5 - pracovní dny (pondìlí a pátek)
10003;Depo Praha 701;509;Pod strání 2160/19, Strašnice, 10000, Praha;1045789;737247.75;Pod strání 19;;;;16:00;1-5 - pracovní dny (pondìlí a pátek)
10003;Depo Praha 701;510;Vylovská 1246/2, Strašnice, 10000, Praha;1046065;736967;Vylovská 1246;;;;16:00;1-5 - pracovní dny (pondìlí a pátek)
10003;Depo Praha 701;512;Pøetlucká 3094/41, Strašnice, 10000, Praha;1046358.15;736492.7;Pøetlucká 41;;;;16:00;1-5 - pracovní dny (pondìlí a pátek)
10003;Depo Praha 701;513;Pøetlucká 1566/5, Strašnice, 10000, Praha;1046481.78;737054.19;Pøetlucká 5;;;;16:00;1-5 - pracovní dny (pondìlí a pátek)
10003;Depo Praha 701;514;námìstí Mezi zahrádkami 1812/1, Zábìhlice, 10600, Praha;1046831;737430;Mezi zahrádkami 1;;;;16:00;1-5 - pracovní dny (pondìlí a pátek)
10003;Depo Praha 701;515;Narcisová 2850/2, Zábìhlice, 10600, Praha;1046822.22;737852.48;Narcisová 2;;;;16:00;1-5 - pracovní dny (pondìlí a pátek)
10003;Depo Praha 701;516;Jesenická 3002/2, Zábìhlice, 10600, Praha;1046903;738707;Nad Trnkovem 3002;;;;16:00;1-5 - pracovní dny (pondìlí a pátek)
10003;Depo Praha 701;517;Jabloòová 2992/8, Zábìhlice, 10600, Praha;1047180.8;737935.23;Jabloòová - poliklinika;;;;16:00;1-5 - pracovní dny (pondìlí a pátek)
10003;Depo Praha 701;519;Zvonková 3048/2, Zábìhlice, 10600, Praha;1047381;737399;Hvozdíková 4;;;;16:00;1-5 - pracovní dny (pondìlí a pátek)
10003;Depo Praha 701;520;Malinová 1664/3, Zábìhlice, 10600, Praha;1047108.05;737529.99;Malinová 1664/3, pošta Praha 106;;;;16:00;1-5 - pracovní dny (pondìlí a pátek)
10003;Depo Praha 701;522;Jasmínová 2611/5, Zábìhlice, 10600, Praha;1047528.5;737130.94;Jasmínová 5 park;;;;16:00;1-5 - pracovní dny (pondìlí a pátek)
10003;Depo Praha 701;523;Jasmínová 2613/1, Zábìhlice, 10600, Praha;1047529.75;737167.38;Jasmínová 1;;;;16:00;1-5 - pracovní dny (pondìlí a pátek)
10003;Depo Praha 701;524;Srbínská 2009/1a, Strašnice, 10000, Praha;1045755.2;738034.47;Prùbìná 31;;;;16:00;1-5 - pracovní dny (pondìlí a pátek)
10003;Depo Praha 701;525;Prùbìná 1033/4, Strašnice, 10000, Praha;1045455.26;738361.69;Prùbìná 4;;;;16:00;1-5 - pracovní dny (pondìlí a pátek)
10003;Depo Praha 701;528;Tuklatská 2105/3, Strašnice, 10000, Praha;1044798;737418;Tuklatská 3;;;;16:00;1-5 - pracovní dny (pondìlí a pátek)
10003;Depo Praha 701;529;Èernokostelecká 2793/44, Strašnice, 10000, Praha;1044946.25;737222.7;Èernokostelecká 44;;;;16:00;1-5 - pracovní dny (pondìlí a pátek)
10003;Depo Praha 701;531;Èernokostelecká 207/1, Strašnice, 10000, Praha;1044855;738027;Èernokostelecká - park;;;;16:00;1-5 - pracovní dny (pondìlí a pátek)
10003;Depo Praha 701;532;Janovská 486, Horní Mìcholupy, 10900, Praha;1049624.68;733325.09;Janovská 486;;;;16:00;1-5 - pracovní dny (pondìlí a pátek)
10003;Depo Praha 701;533;Berlínská 1488/1, Hostivaø, 10200, Praha;1048639;736726;Berlínská 1488/1, 102 00 Praha 10;;;;16:00;1-5 - pracovní dny (pondìlí a pátek)
10003;Depo Praha 701;534;Švehlova 1391/32, Hostivaø, 10200, Praha;1047633.06;736489.38;Interspar Hostivaø;;;;16:00;1-5 - pracovní dny (pondìlí a pátek)
10003;Depo Praha 701;535;Nákupní 389/2, Štìrboholy, 10200, Praha;1045821;734439;Interspar - Europark;;;;16:00;1-5 - pracovní dny (pondìlí a pátek)
10003;Depo Praha 701;537;Vršovická 1527/68b, Vršovice, 10000, Praha;1045661;739759;Tesco Eden;;;;16:00;1-5 - pracovní dny (pondìlí a pátek)
